id,proper,ra,dec,mag,spect,con
32263,Sirius,6.752481,-16.716116,-1.44,A0m...,CMa
30365,Canopus,6.399195,-52.69566,-0.62,F0Ib,Car
69451,Arcturus,14.26103,19.18241,-0.05,K2IIIp,Boo
71456,Rigil Kentaurus,14.660765,-60.833976,-0.01,G2V,Cen
90979,Vega,18.61564,38.783692,0.03,A0Vvar,Lyr
24549,Capella,5.27815,45.997991,0.08,M1: comp,Aur
24378,Rigel,5.242298,-8.20164,0.18,B8Ia,Ori
37173,Procyon,7.655033,5.224993,0.4,F5IV-V,CMi
27919,Betelgeuse,5.919529,7.407063,0.45,M2Ib,Ori
7574,Achernar,1.628556,-57.236757,0.45,B3Vp,Eri
68483,Hadar,14.063729,-60.373039,0.61,B1III,Cen
97338,Altair,19.846388,8.868322,0.76,A7IV-V,Aql
60530,Acrux,12.443311,-63.099092,0.77,B0.5IV,Cru
21368,Aldebaran,4.598677,16.509301,0.87,K5III,Tau
118360,,5.277926,46.000842,0.96,G0 III,Aur
65269,Spica,13.419883,-11.161322,0.98,B1V,Vir
80519,Antares,16.490128,-26.432002,1.06,M1Ib + B2.5V,Sco
37718,Pollux,7.755277,28.026199,1.16,K0IIIvar,Gem
113008,Fomalhaut,22.960838,-29.622236,1.17,A3V,PsA
62239,Mimosa,12.795359,-59.688764,1.25,B0.5III,Cru
101767,Deneb,20.690532,45.280338,1.25,A2Ia,Cyg
71453,Toliman,14.660346,-60.8383,1.35,K1V,Cen
49528,Regulus,10.139532,11.967207,1.36,B7V,Leo
33492,Adhara,6.977097,-28.972084,1.5,B2II,CMa
36744,Castor,7.576634,31.888276,1.58,A2Vm,Gem
60893,Gacrux,12.519429,-57.113212,1.59,M4III,Cru
85665,Shaula,17.560145,-37.103821,1.62,B1.5IV+...,Sco
25273,Bellatrix,5.418851,6.349702,1.64,B2III,Ori
25364,Elnath,5.438198,28.60745,1.65,B7III,Tau
45106,Miaplacidus,9.220041,-69.717208,1.67,A2IV,Car
26246,Alnilam,5.603559,-1.20192,1.69,B0Ia,Ori
108922,Alnair,22.137209,-46.960975,1.73,B7IV,Gru
26662,Alnitak,5.679313,-1.942572,1.74,O9.5Ib SB,Ori
39840,,8.158876,-47.336588,1.75,WC8 + O9I,Vel
62757,Alioth,12.900472,55.959821,1.76,A0p,UMa
15824,Mirfak,3.405378,49.86118,1.79,F5Ib,Per
89906,Kaus Australis,18.402868,-34.384616,1.79,B9.5III,Sgr
53905,Dubhe,11.062155,61.751033,1.81,F7V comp,UMa
34354,Wezen,7.139857,-26.3932,1.83,F8Ia,CMa
67088,Alkaid,13.792354,49.313265,1.85,B3V SB,UMa
40921,Avior,8.375236,-59.509483,1.86,K3III+B2V,Car
85965,Sargas,17.62198,-42.997824,1.86,F1II,Sco
28288,Menkalinan,5.992149,44.947433,1.9,A2V,Aur
82022,Atria,16.811077,-69.027715,1.91,K2IIb-IIIa,TrA
42794,Alsephina,8.745059,-54.708821,1.93,A1V,Vel
31601,Alhena,6.628528,16.399252,1.93,A0IV,Gem
100425,Peacock,20.427459,-56.73509,1.94,B2IV,Pav
11734,Polaris,2.52975,89.264109,1.97,F7:Ib-IIv SB,UMi
30251,Mirzam,6.378329,-17.955918,1.98,B1II/III,CMa
46259,Alphard,9.45979,-8.658603,1.99,K3III,Hya
9861,Hamal,2.119555,23.462423,2.01,K2III,Ari
50440,Algieba,10.332873,19.841489,2.01,K0III,Leo
3413,Diphda,0.72649,-17.986605,2.04,K0III,Cet
92564,Nunki,18.92109,-26.296722,2.05,B2.5V,Sgr
68714,Menkent,14.111395,-36.369954,2.06,K0IIIb,Cen
111768,Tiaki,22.711115,-46.884577,2.07,M5III,Gru
72380,Kochab,14.845105,74.155505,2.07,K4IIIvar,UMi
5436,Mirach,1.162194,35.620558,2.07,M0IIIvar,And
27298,Saiph,5.795941,-9.669605,2.07,B0.5Iavar,Ori
676,Alpheratz,0.139791,29.090432,2.07,B9p,And
85769,Rasalhague,17.582241,12.560035,2.08,A5III,Oph
14540,Algol,3.136148,40.955648,2.09,B8V,Per
9618,Almach,2.064984,42.329725,2.1,B8V,And
57459,Denebola,11.817663,14.57206,2.14,A3Vvar,Leo
4417,Cih,0.945143,60.71674,2.15,B0IV:evar,Cas
61739,,12.691971,-48.959888,2.2,A1IV,Cen
45425,Aspidiske,9.284838,-59.275229,2.21,A8Ib,Car
39318,Naos,8.059737,-40.003148,2.21,O5IAf,Pup
76035,Alphecca,15.578128,26.714693,2.22,A0V,CrB
100128,Sadr,20.370473,40.256679,2.23,F8Ib,Cyg
65173,Mizar,13.398747,54.925362,2.23,A2V,UMa
44689,Suhail,9.133268,-43.432589,2.23,K4Ib-II,Vel
3172,Schedar,0.675116,56.537331,2.24,K0II-IIIvar,Cas
87561,Eltanin,17.943437,51.488895,2.24,K5III,Dra
25865,Mintaka,5.533445,-0.299092,2.25,O9.5II,Ori
744,Caph,0.152887,59.14978,2.28,F2III-IV,Cas
78165,Dschubba,16.005557,-22.62171,2.29,B0.2IV,Sco
66447,,13.664796,-53.466394,2.29,B1III,Cen
82144,Larawag,16.83608,-34.293232,2.29,K2IIIb,Sco
71634,,14.698823,-47.3882,2.3,B1.5III,Lup
71125,,14.591786,-42.157824,2.33,B1Vn + A,Cen
53754,Merak,11.030677,56.382427,2.34,A1V,UMa
71879,Izar,14.749784,27.074222,2.35,A0,Boo
106972,Enif,21.736433,9.875011,2.38,K2Ibvar,Peg
86403,,17.708132,-39.029983,2.39,B1.5III,Sco
2076,Ankaa,0.438056,-42.305981,2.4,K0III...,Phe
57828,Phecda,11.897168,53.69476,2.41,A0V SB,UMa
83755,Sabik,17.172968,-15.72491,2.43,A2.5Va,Oph
113521,Scheat,23.062901,28.082789,2.44,M2II-IIIvar,Peg
104861,Alderamin,21.30963,62.585573,2.45,A7IV-V,Cep
35806,Aludra,7.401584,-29.303104,2.45,B5Ia,CMa
45809,Markeb,9.368562,-55.010668,2.47,B2IV,Vel
102157,Aljanah,20.770178,33.970256,2.48,K0III,Cyg
113603,Markab,23.079348,15.205264,2.49,B9.5III,Peg
14100,Menkar,3.037992,4.089734,2.54,M2III,Cet
81130,,16.619316,-10.56709,2.54,O9.5V,Oph
67786,,13.925667,-47.288375,2.55,B2.5IV,Cen
54712,Zosma,11.235138,20.523717,2.56,A4V,Leo
78580,Acrab,16.09062,-19.805453,2.56,B0.5V,Sco
59016,,12.13931,-50.722425,2.58,B2IVne,Cen
59621,Gienah,12.263437,-17.541929,2.58,B8III,Crv
25920,Arneb,5.545504,-17.822289,2.58,F0Ib,Lep
93213,Ascella,19.043532,-29.880105,2.6,A3IV,Sgr
74556,Zubeneschamali,15.283449,-9.382917,2.61,B8V,Lib
76835,Unukalhai,15.737798,6.425627,2.63,K2III,Ser
8884,Sheratan,1.910668,20.808035,2.64,A5V...,Ari
26569,Phact,5.660817,-34.074108,2.65,B7IV,Col
61166,Kraz,12.573121,-23.396759,2.65,G5II,Crv
28309,Mahasim,5.995351,37.212585,2.65,A0p Si,Aur
6672,Ruchbah,1.430216,60.235283,2.66,A5Vv SB,Cas
67711,Muphrid,13.911411,18.397717,2.68,G0IV,Boo
73046,,14.975537,-43.13396,2.68,B2III,Lup
22961,Hassaleh,4.949894,33.16609,2.69,K3IIvar,Aur
61392,,12.619739,-69.135564,2.69,B2IV-V,Mus
52575,,10.779488,-49.420255,2.69,G5III SB,Vel
85436,Lesath,17.512732,-37.295811,2.7,B2IV,Sco
35169,,7.285711,-37.09747,2.71,K3Ib,Pup
89653,Kaus Media,18.3499,-29.828103,2.72,K3III,Sgr
96970,Tarazed,19.770994,10.613261,2.72,K3II,Aql
80089,Athebyne,16.39986,61.514213,2.73,G8III,Dra
79352,Yed Prior,16.239094,-3.694323,2.73,M1III,Oph
52268,,10.715949,-64.39445,2.74,B0Vp,Car
61748,Porrima,12.694345,-1.449375,2.74,F0V+...,Vir
72396,Zubenelgenubi,14.847977,-16.041778,2.75,A3IV,Lib
26176,Hatysa,5.590551,-5.909901,2.75,O9III,Ori
64904,,13.343296,-36.712295,2.75,A2V,Cen
86475,Cebalrai,17.724543,4.567303,2.76,K2III,Oph
23820,Cursa,5.130829,-5.086446,2.78,A3IIIvar,Eri
80571,Kornephoros,16.503668,21.489613,2.78,G8III,Her
84086,Rasalgethi,17.244127,14.390333,2.78,M5IIvar,Her
85410,Rastaban,17.507213,52.301387,2.79,G2II,Dra
59565,Imai,12.252427,-58.748928,2.79,B2IV,Cru
76065,,15.585681,-41.166757,2.8,B2IV,Lup
81444,,16.688113,31.602726,2.81,F9IV,Her
25542,Nihal,5.470756,-20.759441,2.81,G5II,Lep
81020,Paikauhale,16.598043,-28.216016,2.82,B0V,Sco
2016,,0.427916,-77.254247,2.82,G2IV,Hyi
90217,Kaus Borealis,18.466179,-25.4217,2.82,K1IIIb,Sgr
39644,Tureis,8.125737,-24.304324,2.83,F2mF5IIp,Pup
1065,Algenib,0.220598,15.183596,2.83,B2IV,Peg
77716,,15.919083,-63.430727,2.83,F2III,TrA
84999,,17.421665,-55.529884,2.84,K3Ib-II,Ara
18201,,3.9022,31.883635,2.84,B1Ib,Per
85530,,17.530695,-49.876145,2.84,B2Vne,Ara
63405,Vindemiatrix,13.036278,10.95915,2.85,G8IIIvar,Vir
107213,Deneb Algedi,21.784011,-16.127286,2.85,A5mF2 (IV),Cap
118485,,7.576827,31.89052,2.85,A m,Gem
17661,Alcyone,3.79141,24.105137,2.85,B7III,Tau
9217,,1.979451,-61.569859,2.86,F0V,Hyi
96858,Fawaris,19.749574,45.13081,2.86,B9.5III,Cyg
74717,,15.315181,-68.679545,2.87,A1V,TrA
109784,,22.308371,-60.259587,2.87,K3III,Tuc
30270,Tejat,6.382673,22.513586,2.87,M3IIIvar,Gem
13813,Acamar,2.971023,-40.304672,2.88,A4III+...,Eri
93846,Albaldah,19.162731,-21.023615,2.88,F2II/III,Sgr
78029,Fang,15.980865,-26.114105,2.89,B1V + B2V,Sco
36087,Gomeisa,7.452512,8.289315,2.89,B8Vvar,CMi
62925,Cor Caroli,12.933807,38.31838,2.89,A0spe...,CVn
105936,Sadalsuud,21.525982,-5.571172,2.9,G0Ib,Aqr
79870,Alniyat,16.353143,-25.592796,2.9,B1III,Sco
18485,,3.96423,40.010215,2.9,B0.5V,Per
14292,,3.079942,53.50644,2.91,G8III+...,Per
47866,,9.785036,-65.072007,2.92,A9,Car
111804,Matar,22.716704,30.221245,2.93,G2II-III..,Peg
32682,,6.832266,-50.61456,2.94,K0III...,Pup
60776,Algorab,12.497739,-16.515432,2.94,B9.5V,Crv
108728,Sadalmelik,22.096399,-0.319851,2.95,G2Ib,Aqr
18497,Zaurak,3.967157,-13.508515,2.97,M1IIIb Ca-1,Eri
47772,Ras Elased Australis,9.764188,23.774255,2.97,G0II,Leo
26386,Tianguan,5.627413,21.142549,2.97,B4IIIp,Tau
88361,Alnasl,18.096803,-30.424091,2.98,K0III,Sgr
93452,Okab,19.090169,13.863478,2.99,A0Vn,Aql
64758,,13.315359,-23.171512,2.99,G8III,Hya
86804,,17.793078,-40.126997,2.99,F3Ia,Sco
82263,Xamidimura,16.864509,-38.04738,3.0,B1.5IV + B,Sco
54380,,11.161062,44.498487,3.0,K1III,UMa
74868,Pherkad,15.345483,71.834016,3.0,A3II-III,UMi
10041,,2.159058,34.987297,3.0,A5III,Tri
107742,Aldhanab,21.898808,-37.364852,3.0,B8III,Gru
17316,,3.715416,47.787551,3.01,B5III SB,Per
59134,,12.168746,-22.619766,3.02,K2III,Crv
30049,Furud,6.338553,-30.063367,3.02,B2.5V,CMa
33888,,7.050409,-23.833291,3.02,B3Ia,CMa
23361,Almaaz,5.032815,43.823308,3.03,F0Ia,Aur
62127,,12.771346,-68.108119,3.04,B2V,Mus
70851,Seginus,14.534636,38.308253,3.04,A7IIIvar,Boo
95648,Albireo,19.512023,27.959681,3.05,K3II+...,Cyg
100020,Dabih,20.350187,-14.781367,3.05,A5:n,Cap
50655,Tania Australis,10.372155,41.499516,3.06,M0III SB,UMa
32161,Mebsuta,6.732202,25.131124,3.06,A3mA6-A9,Gem
94081,Altais,19.209225,67.661541,3.07,G9III,Dra
89364,,18.293793,-36.761686,3.1,M2III,Sgr
101445,,20.626116,-47.291502,3.11,K0III,Ind
56392,,11.596363,-63.019841,3.11,B9II:,Cen
52789,,10.827079,-16.193648,3.11,K0/K1III,Hya
43689,,8.92323,5.945563,3.11,G8III-IV,Hya
44000,Talitha,8.986828,48.041826,3.12,A7IV,UMa
84121,Sarin,17.250531,24.839204,3.12,A3IVv SB,Her
27559,Wazn,5.849329,-35.768309,3.12,K1.5III,Col
82826,,16.977006,-55.990141,3.12,K5III,Ara
73107,,14.986025,-42.104194,3.13,B2IV,Cen
45728,,9.350925,34.392562,3.14,M0IIIvar,Lyn
84122,,17.250788,36.809162,3.16,K3IIvar,Her
46568,,9.520371,-57.034377,3.16,K5III,Vel
83638,Aldhibah,17.146448,65.714683,3.17,B6III,Dra
91754,,18.76094,-26.990778,3.17,B8.5III,Sgr
31605,,6.629353,-43.195934,3.17,B8III SB,Pup
46720,,9.547715,51.6773,3.17,F6IV,UMa
23712,Haedus,5.10858,41.234474,3.18,B3V,Aur
71682,,14.708492,-64.975138,3.18,F1Vp,Cir
23630,,5.091018,-22.371032,3.19,K4III,Lep
86991,Fuyue,17.830965,-37.043304,3.19,K0/K1III,Sco
22396,Tabit,4.830669,6.961276,3.19,F6V,Ori
82745,,16.961139,9.375033,3.19,K2IIIvar,Oph
116361,Errai,23.65582,77.632276,3.21,K1IV,Cep
104394,,21.215607,30.226916,3.21,G8II SB,Cyg
74912,,15.356201,-40.647518,3.22,B1.5IV,Lup
89684,,18.355167,-2.898825,3.23,K0III-IV,Ser
79640,Yed Posterior,16.305358,-4.692511,3.23,G8III,Oph
105691,Alfirk,21.477662,70.560716,3.23,B2IIIv SB,Cep
99156,,20.188413,-0.821461,3.24,B9.5III,Aql
32521,,6.803194,-61.941391,3.24,A7IV,Pic
92902,Sulafat,18.982395,32.689557,3.25,B9III,Lyr
73486,Brachium,15.067839,-25.281965,3.25,M3/M4III,Lib
36274,,7.487179,-43.301432,3.25,K5III SB,Pup
68675,,14.106193,-26.682361,3.25,K2III,Hya
17637,,3.787295,-74.238962,3.26,M2III,Hyi
112776,Skat,22.910837,-15.82082,3.27,A3V,Aqr
84711,,17.366827,-24.999545,3.27,B2IV,Oph
3086,,0.655462,30.861024,3.27,K3III...,And
75229,Edasich,15.415494,58.966065,3.29,K2III,Dra
49958,,10.228961,-70.037903,3.29,B8III,Car
24249,,5.215528,-16.205468,3.29,B9IV: HgMn,Lep
21228,,4.566598,-55.044975,3.3,A0V:,Dor
51428,,10.533743,-61.685332,3.3,B4Vne,Car
29582,Propus,6.247961,22.506799,3.31,M3III,Gem
85008,,17.423239,-56.377727,3.31,B1Ib,Ara
14318,,3.08627,38.840274,3.32,M3IIIvar,Per
59592,Megrez,12.257086,57.032617,3.32,A3Vvar,UMa
93569,,19.11567,-27.670423,3.32,K1/K2III,Sgr
87775,,17.983775,-9.773632,3.32,K0III,Oph
5154,,1.101407,-46.718414,3.32,G8IIIvar,Phe
83885,,17.202552,-43.239189,3.32,F3p,Sco
54718,Chertan,11.237335,15.42957,3.33,A2V,Leo
19730,,4.240404,-62.473858,3.33,G7III,Ret
38062,Azmidi,7.821571,-24.859786,3.34,G6Ia,Pup
25218,,5.407949,-2.397146,3.35,B1V + B2,Ori
32276,Alzirr,6.754824,12.895591,3.35,F5IV,Gem
41586,Muscida,8.504431,60.718169,3.35,G4II-III,UMa
8867,Segin,1.906584,63.670101,3.35,B2pvar,Cas
95207,,19.424972,3.114775,3.36,F0IV,Aql
75035,,15.378021,-44.689622,3.37,B2IV-V,Lup
42990,Ashlesha,8.779587,6.418809,3.38,G0III-IV,Hya
66040,Heze,13.57822,-0.59582,3.38,A3V,Vir
50229,,10.28472,-61.332304,3.39,K3II,Car
109146,,22.180908,58.201261,3.39,K1Ibv SB,Cep
62890,Minelauva,12.926725,3.39747,3.39,M3III,Vir
26142,Meissa,5.585633,9.934158,3.39,O...,Ori
119131,,17.172783,-15.726921,3.4,A3 V,Oph
20842,Chamukuy,4.477705,15.870883,3.4,A7III,Tau
67251,,13.825078,-41.687709,3.41,B2IV,Cen
102091,,20.754811,61.838782,3.41,K0IV,Cep
6853,,1.472759,-43.318234,3.41,K5II-III,Phe
18677,,4.011338,12.490347,3.41,B3V + A,Tau
111676,Homam,22.691033,10.831364,3.41,B8.5V,Peg
74167,,15.20476,-52.099247,3.41,G8III,Lup
102064,,20.749314,-66.203212,3.42,A5IV,Pav
86705,,17.774319,27.720676,3.42,G5IV,Her
78148,,16.002036,-38.396706,3.42,B2.5IV,Lup
8777,Mothallah,1.884696,29.578829,3.42,F6IV,Tri
44952,,9.182804,-58.966896,3.43,B2IV,Car
50193,Adhafera,10.278171,23.417311,3.43,F0III,Leo
93510,,19.10415,-4.882554,3.43,B9Vn,Aql
50230,Tania Borealis,10.284952,42.914365,3.45,A2IV,UMa
74438,,15.258376,33.314833,3.46,G8III,Boo
38713,,7.946313,-52.98236,3.46,B3IVp,Car
5353,,1.143164,-10.182264,3.46,K2III,Cet
3814,Achird,0.81826,57.815187,3.46,G0V SB,Cas
67259,,13.826943,-42.473732,3.47,B2IV-Ve,Cen
12673,Kaffaljidhma,2.721678,3.235818,3.47,A3V,Cet
81583,,16.714933,38.922254,3.48,G8III-IV,Her
49441,,10.122209,16.762664,3.48,A0Ib,Leo
55055,Alula Borealis,11.307983,33.094306,3.49,K3III SB,UMa
8087,,1.734479,-15.93748,3.49,G8V,Cet
112263,,22.809239,-51.316864,3.49,A3V,Gru
33769,Nganurganity,7.028652,-27.93483,3.49,K4III,CMa
90143,,18.449561,-45.968459,3.49,B3IV,Tel
73327,Nekkar,15.032436,40.390566,3.49,G8III,Boo
112364,,22.82802,66.200408,3.5,K0III,Cep
35453,Wasat,7.335383,21.98232,3.5,F0IV...,Gem
32672,,6.830683,-32.508478,3.5,B1.5IVne,CMa
98026,,19.979285,19.492148,3.51,K5III,Sge
112389,Sadalbari,22.833385,24.601579,3.51,M2III,Peg
109081,Biham,22.169996,6.197865,3.52,A2V,Peg
17336,Rana,3.720806,-9.763395,3.52,K0IV,Eri
92133,Sheliak,18.834665,33.362667,3.52,A8:V comp SB,Lyr
48635,,9.947708,-54.56779,3.52,B5Ib,Vel
118838,,12.694171,-1.449235,3.52,F0 V,Vir
47373,Subra,9.685843,9.892308,3.52,A5V+...,Leo
92793,,18.962167,-21.106654,3.52,G8/K0II/III,Sgr
20837,Ain,4.476943,19.180431,3.53,K0III,Tau
40411,Tarf,8.275256,9.185545,3.53,K4III,Cnc
77280,,15.827002,-3.430208,3.54,A0V,Ser
85998,,17.626445,-15.398557,3.54,F0IIIp,Ser
56174,,11.550038,-31.857625,3.54,G8III,Hya
69773,,14.323396,-46.058093,3.55,B2.5IV,Lup
98924,,20.145157,-66.182068,3.55,G5IV-Vvar,Pav
19992,,4.298237,-33.798348,3.55,B9V,Eri
89660,,18.350736,72.732843,3.55,F7Vvar,Dra
27220,,5.782595,-14.82195,3.55,A2Vann,Lep
10578,,2.275154,-51.512165,3.56,B8IV-V,Eri
1559,,0.323799,-8.823921,3.56,K2III,Cet
82294,Pipirima,16.872263,-38.017536,3.56,B2IV,Sco
55118,,11.322347,-14.778541,3.56,K0III,Crt
70828,,14.5305,30.371437,3.57,K3III,Boo
37633,,7.740793,24.397993,3.57,G8III,Gem
44343,Alkaphrah,9.060427,47.156525,3.57,A1Vn,UMa
74948,,15.36344,-36.261376,3.57,K5III,Lup
35253,,7.30155,16.540383,3.58,A3V...,Gem
99743,Algedi,20.300904,-12.544852,3.58,G6/G8III,Cap
27006,,5.741057,-22.448382,3.59,F7V,Lep
7593,Nembus,1.633205,48.628213,3.59,K3III,And
60075,Ginan,12.356031,-60.401147,3.59,K3/K4III,Cru
57584,Zavijava,11.844922,1.764718,3.59,F8V,Vir
24614,,5.293442,-6.844409,3.59,B5III,Ori
85467,,17.518318,-60.683848,3.6,B8V,Ara
32932,,6.879816,33.961254,3.6,A3III,Gem
46518,,9.511674,-40.466769,3.6,F2IV,Vel
42416,,8.671554,-52.921887,3.6,B3IV,Vel
6523,,1.40039,-8.183257,3.6,K0III,Cet
76235,,15.61707,-28.135079,3.6,K3III,Lib
63411,,13.037759,-71.548855,3.61,K2III,Mus
86661,,17.762221,-64.723871,3.61,K1III,Pav
13176,Bharani,2.833063,27.260507,3.61,B8Vn,Ari
15861,,3.413554,9.02887,3.61,G8III,Tau
49700,,10.176467,-12.354083,3.61,K0III,Hya
37711,,7.754249,-37.968584,3.62,K4III,Pup
7083,Alpherg,1.524725,15.345823,3.62,G8III,Psc
82477,,16.909731,-42.361313,3.62,K4III,Sco
17805,Atlas,3.819373,24.053415,3.62,B8III,Tau
113366,,23.032017,42.325979,3.62,B6pv SB,And
57190,,11.760141,-66.728763,3.63,A7III,Mus
101442,Rotanev,20.625816,14.595087,3.64,F5IV,Del
88439,,18.11052,-50.091477,3.65,B2Ib,Ara
20155,Prima Hyadum,4.329889,15.627642,3.65,G8III,Tau
110614,,22.480531,-0.019972,3.65,F3III-IV,Aqr
46600,,9.525453,63.061861,3.65,F0IV,UMa
76997,,15.769793,15.421826,3.65,A3V,Ser
75466,Nusakan,15.463818,29.105703,3.66,F0p,CrB
76365,,15.64427,-29.777754,3.66,B2.5V,Lib
68537,Thuban,14.073165,64.37585,3.67,A0III SB,Dra
102895,,20.913498,-58.454155,3.67,K0III,Ind
113980,,23.157443,-21.17241,3.68,K1III,Aqr
97056,,19.789795,18.534286,3.68,M2II + B6,Sge
22496,,4.853434,5.605104,3.68,B2III SB,Ori
42709,,8.726539,-33.186385,3.68,B1.5III,Pyx
8989,,1.932564,-51.608896,3.69,G5IV,Eri
23398,Saclateni,5.041301,41.075837,3.69,K4II comp,Aur
57226,Taiyangshou,11.767515,47.779406,3.69,K0III,UMa
106642,Nashira,21.668181,-16.662308,3.69,A7III:mp...,Cap
47719,,9.754117,-62.507903,3.69,G5Iab/Ib,Car
2914,Fulu,0.616188,53.896909,3.69,B2IV,Cas
114609,,23.286094,3.282289,3.7,G7III,Psc
15436,,3.325278,-21.757864,3.7,M3/M4III,Eri
87661,,17.962744,29.24788,3.7,K0III,Her
22744,,4.904193,2.440672,3.71,B2III SB,Ori
28032,,5.940082,-14.1677,3.71,F1V,Lep
88494,,18.122496,9.563847,3.71,A4IVs,Oph
38304,,7.870288,-40.575786,3.71,G5III...,Pup
97725,Alshain,19.921887,6.406763,3.71,G8IVvar,Aql
77386,,15.846935,4.47773,3.71,A2m,Ser
16496,Ran,3.548848,-9.458262,3.72,K2V,Eri
28287,,5.992111,54.284656,3.72,K0III,Aur
17457,Electra,3.747927,24.113339,3.72,B6III,Tau
103725,,21.082184,43.927852,3.72,K5Ibv SB,Cyg
106746,,21.691253,-77.390046,3.73,K0III,Oct
16044,,3.45282,9.73268,3.73,B9Vn,Tau
112601,,22.87691,-7.579599,3.73,M2IIIvar,Aqr
71994,,14.770812,1.892885,3.73,A0V,Vir
87314,Grumium,17.892134,56.872643,3.73,K2III,Dra
79928,,16.365338,19.15313,3.74,A9III,Her
8628,Baten Kaitos,1.857676,-10.335038,3.74,K2III,Cet
104549,,21.246517,38.045317,3.74,F1IV,Cyg
44383,,9.069248,-47.097737,3.75,K2III,Vel
86839,,17.798211,2.707276,3.75,A0V,Oph
30794,,6.480297,-7.033062,3.76,B3Ve,Mon
110822,,22.521515,50.282491,3.76,A1V,Lac
26004,,5.560421,-62.489825,3.76,F6Ia,Dor
27585,,5.855357,-20.879089,3.76,G8III/IV,Lep
93388,,19.07805,-21.741496,3.76,K0III,Sgr
95554,,19.495098,51.729779,3.76,A5Vn,Cyg
20405,Secunda Hyadum,4.382247,17.542514,3.77,G8III,Tau
41195,,8.428951,-66.13689,3.77,K2IIIvar,Vol
13234,Miram,2.844945,55.895496,3.77,K3Ib comp SB,Per
105540,,21.444452,-22.411332,3.77,G4Ibp...,Cap
26484,,5.645769,-2.600069,3.77,O9.5V...,Ori
42452,,8.677103,-46.648744,3.77,F3Ia,Vel
82112,,16.82976,-59.041378,3.77,K5III,Ara
108830,,22.116847,25.345112,3.77,F5V,Peg
17487,,3.753232,42.578549,3.77,F5IIvar,Per
101629,Sualocin,20.660635,15.912072,3.77,B9V,Del
35946,,7.428779,27.79808,3.78,G9III+...,Gem
48182,,9.849867,59.038735,3.78,F0IV,UMa
102287,Albali,20.794598,-9.495776,3.78,A1V,Aqr
53099,,10.891559,-58.853171,3.78,K0III-IV...,Car
34389,,7.145788,-70.498932,3.78,G8IIIvar,Vol
71569,,14.68582,13.7283,3.78,A3IVn,Boo
14632,Misam,3.158258,44.857544,3.79,K0III,Per
53075,Praecipua,10.888526,34.214871,3.79,K0III-IV,LMi
37124,,7.647186,-26.803836,3.8,B5IV,Pup
94484,,19.28504,53.368459,3.8,K0III,Cyg
76044,,15.580041,10.538867,3.8,F0IV,Ser
99356,,20.227196,46.741329,3.8,K2II+...,Cyg
14843,Dalim,3.201249,-28.987618,3.8,F8V,For
51087,,10.464649,-58.739403,3.81,F2II,Car
76716,,15.712381,26.295637,3.81,A1Vs,CrB
21340,Theemin,4.592512,-30.562341,3.81,G8III,Eri
116218,,23.626056,46.458152,3.81,G8III-IV,And
9467,Alrescha,2.034117,2.763759,3.82,A2,Psc
45557,,9.314069,36.802597,3.82,A1V,Lyn
86148,,17.657747,46.006332,3.82,B3V SB,Her
56044,Giausar,11.523407,69.331076,3.82,M0IIIvar,Dra
80637,Marfik,16.515229,1.983923,3.82,A2V,Oph
50924,,10.434842,-16.83629,3.83,K4III,Hya
72144,,14.797701,-79.044751,3.83,K5III,Aps
68027,,13.971186,-42.100753,3.83,B2IV,Cen
43659,,8.917457,-60.644609,3.84,B8III,Car
51475,,10.546853,9.306586,3.84,B1Ib SB,Leo
89064,Polis,18.229392,-21.058834,3.84,B2III:,Sgr
97124,,19.80285,70.26793,3.84,G8III,Dra
51837,,10.621717,-48.22562,3.84,A3m+...,Vel
20833,,4.476248,15.962181,3.84,G7III,Tau
17406,Atik,3.738648,32.288248,3.84,B1III,Per
17398,,3.736593,-64.806903,3.84,K0IV SB,Ret
61008,,12.541134,-72.132988,3.84,B5V,Mus
88517,,18.125708,28.762488,3.84,B9.5V,Her
27253,,5.788079,-51.066514,3.85,A3V,Pic
77836,,15.940882,15.661617,3.85,F6V,Ser
90835,,18.586785,-8.244073,3.85,K2III,Sct
50050,,10.245607,-42.121942,3.85,A2V,Vel
89860,,18.394967,21.769752,3.85,K2III,Her
61429,,12.628394,-48.541304,3.85,A2V,Cen
19697,,4.233363,-42.294368,3.85,K1III,Hor
30204,,6.368564,-33.4364,3.85,G7II,Col
61088,,12.558058,69.788238,3.85,B6IIIp,Dra
4426,,0.945885,38.499345,3.86,A5V,And
87537,,17.93755,37.250539,3.86,K1IIvar,Her
110049,Sadachbia,22.360938,-1.387331,3.86,A0V,Aqr
79423,,16.257297,-63.685682,3.86,G5II,TrA
21541,Sceptrum,4.63634,-14.30402,3.86,K1III,Eri
80819,,16.557609,-78.897148,3.86,K0IV SB,Aps
25794,,5.520209,-35.470519,3.86,K1II/III,Col
77868,Iklil,15.948077,-29.214073,3.87,B2IV/V,Sco
71731,,14.717673,-5.658207,3.87,F2III,Vir
42904,,8.767124,-46.041527,3.87,A1III,Vel
17532,Maia,3.763779,24.367748,3.87,B8III,Tau
68064,,13.977987,-44.803584,3.87,B2IV-V,Cen
97493,,19.874547,1.005661,3.87,F6Ibv SB,Aql
114059,,23.17264,-45.246711,3.88,K0III SB,Gru
8813,Mesarthim,1.89217,19.293852,3.88,A1p Si,Ari
763,,0.156836,-45.747426,3.88,K0III,Phe
48318,Rasalas,9.879398,26.006951,3.88,K0III,Leo
74148,,15.198918,-48.737819,3.88,B9V,Lup
97799,,19.938438,35.083424,3.89,K0IIIvar,Cyg
13667,Azha,2.940458,-8.898144,3.89,K1III-IV,Eri
59945,Zaniah,12.331766,-0.666803,3.89,A2IV,Vir
33065,,6.902209,-24.184211,3.89,K3Iab,CMa
45204,,9.239405,2.31428,3.89,B9.5V,Hya
55260,,11.350117,-54.491019,3.9,B5Vn,Cen
47297,Ukdah,9.664267,-1.14281,3.9,K3IIIvar,Hya
65729,,13.517405,-39.407307,3.9,G8II/III,Cen
76100,Zubenelhakrabi,15.592105,-14.789537,3.91,K0III,Lib
18860,,4.052606,5.989305,3.91,A1V,Tau
60635,,12.467331,-50.230635,3.91,B3V,Cen
79750,,16.329011,46.313366,3.91,B5IV,Her
73579,,15.085303,-47.051245,3.91,B5,Lup
41190,,8.427676,-3.906424,3.91,A0V,Hya
94873,,19.361211,-17.847197,3.92,F0III/IV,Sgr
82952,,17.004827,30.926405,3.92,A0V,Her
104649,Kitalpha,21.263731,5.247845,3.92,G0III+...,Equ
87920,,18.010754,2.931568,3.93,B5Ib,Oph
2069,,0.436716,-43.679829,3.93,A7V,Phe
54304,,11.143165,-58.975037,3.93,G0Ia0,Car
13497,,2.904295,52.762479,3.93,G4III...,Per
78693,,16.113452,-20.669192,3.93,B1V,Sco
21391,,4.605317,-3.352459,3.93,B2III SB,Eri
37397,,7.697004,-72.606098,3.93,K0III,Vol
7068,,1.520851,-49.072702,3.93,K0III-IV,Phe
5337,Wurren,1.139742,-55.24576,3.94,B6V + B0V,Phe
42792,Asellus Australis,8.74475,18.154309,3.94,K0III,Cnc
103081,,20.952893,41.167136,3.94,A1Vn,Cyg
37570,,7.73013,-28.954826,3.94,A2Iab,Pup
37340,,7.687454,-9.551131,3.94,K0III,Mon
9577,,2.057268,72.421294,3.95,A2V,Cas
31512,,6.611399,-19.255879,3.95,K1III+...,CMa
118887,,13.398996,54.920471,3.95,A1 m,UMa
99529,,20.257867,47.714208,3.96,K3Ib-II comp,Cyg
44120,,9.010685,41.782911,3.96,F5V,Lyn
94946,Arkab Prior,19.377303,-44.458965,3.96,B9V,Sgr
115073,,23.382842,-20.10058,3.96,K0III,Aqr
44972,,9.187985,-62.316977,3.96,B3IV,Car
95052,Rukbat,19.398103,-40.61594,3.96,B8V,Sgr
19296,,4.144357,47.712513,3.96,B3Ve,Per
28256,,5.985778,-42.815135,3.96,K0III,Col
35132,,7.280508,-67.957152,3.97,F6II,Vol
27604,,5.858166,39.14848,3.97,K0III,Aur
20483,Beemim,4.400613,-34.016846,3.97,K4III,Eri
98184,,20.009845,-72.910504,3.97,A0V,Pav
42396,,8.668373,-35.308352,3.97,G5II/III,Pyx
77398,,15.849316,-33.627165,3.97,B9.5III-IV,Lup
110650,,22.487825,-43.495565,3.97,G6/G8III,Gru
112084,,22.775521,23.565654,3.97,G8II-III,Peg
59267,,12.194202,-52.36846,3.97,B3V,Cen
18567,Menkib,3.98275,35.791033,3.98,O7.5Iab:,Per
106139,,21.56635,45.591837,3.98,G8III,Cyg
114634,,23.290498,-58.235734,3.99,F1III,Tuc
65272,Alcor,13.420413,54.987958,3.99,A5V SB,UMa
29578,,6.247592,-6.274776,3.99,K3III,Mon
50809,,10.406592,-74.031612,3.99,F2IV,Car
9328,,2.000084,-21.077831,3.99,K5/M0III,Cet
55476,,11.398736,10.529509,4.0,F2IV SB,Leo
44254,,9.040777,-66.396076,4.0,Am,Vol
79134,Jabbah,16.199926,-19.460708,4.0,B2IV,Sco
100750,,20.489926,30.368555,4.01,F5II,Cyg
22056,,4.758375,-3.254657,4.01,B5IV,Eri
91507,,18.71726,-71.428113,4.01,K2III,Pav
8053,,1.727675,50.688732,4.01,B2Vpe,Per
34943,,7.246849,-26.772667,4.01,B2IV/Ve,CMa
71639,,14.699332,-37.793498,4.01,B2.5V,Cen
34000,Mekbuda,7.068481,20.570297,4.01,G3Ibv SB,Gem
79759,,16.330687,-50.155508,4.01,G8III,Nor
78290,,16.031532,58.565251,4.01,F8IV-V,Dra
92951,,18.993711,15.068298,4.02,K2III,Aql
59020,Alchiba,12.140225,-24.728875,4.02,F0IV/V,Crv
93136,,19.028008,-5.739115,4.02,K1IIIvar,Aql
43286,,8.842204,-27.709844,4.02,K3III,Pyx
10645,,2.288573,33.847194,4.03,A1Vnn,Tri
42984,,8.778284,28.759898,4.03,G8Iab:,Cnc
62803,,12.9099,-57.177924,4.03,B2IV-V,Cru
117900,,23.988525,6.863321,4.03,F4IV,Psc
101095,Aldulfin,20.553547,11.303263,4.03,B6III,Del
88327,,18.090913,2.500099,4.03,K0V SB,Oph
23467,,5.05697,60.442245,4.03,G0Ib,Cam
19538,Beid,4.197761,-6.837581,4.04,F2II-III,Eri
111147,,22.589272,-0.117498,4.04,B9IV-Vn,Aqr
57208,,11.764322,6.529376,4.04,M0III,Vir
70274,,14.419967,51.850744,4.04,F7V,Boo
40587,,8.308703,-76.919722,4.05,F5III,Cha
71310,,14.631454,-49.425828,4.05,B5V,Lup
69867,,14.342623,-37.885295,4.05,A0IV,Cen
14596,,3.151005,49.613278,4.05,G0V,Per
112357,,22.826528,-13.592632,4.05,K5III,Aqr
55269,,11.352276,6.029322,4.05,B9.5Vs,Leo
42765,,8.739987,-42.649276,4.05,G5III,Vel
67246,,13.824623,15.797905,4.05,K5IIIvar,Boo
59826,,12.307298,-64.003071,4.06,B2.5V,Cru
59746,,12.292917,-67.960736,4.06,M5III,Mus
55539,,11.414702,-17.68401,4.06,A9V,Crt
22904,,4.939521,13.514466,4.06,K2III,Ori
82898,,16.993069,-53.160438,4.06,K4III,Ara
36856,,7.598708,26.895741,4.06,K5III,Gem
71783,,14.727624,-35.173655,4.06,K3III,Cen
73889,,15.147394,-45.279857,4.07,B3V,Lup
110645,,22.486183,58.415198,4.07,G2Ibvar,Cep
69479,Syrma,14.266908,-6.000547,4.07,F7V,Vir
74595,,15.291917,-58.801208,4.07,A3V,Cir
33073,,6.903167,-12.038628,4.08,K4III,CMa
46841,,9.574071,-59.229753,4.08,B5II,Car
103804,,21.099118,-17.232861,4.08,A1V,Cap
92571,,18.922249,43.946088,4.08,M5IIIvar,Lyr
53584,Alkes,10.996244,-18.298783,4.08,K1III,Crt
10975,,2.362498,-68.659418,4.08,A3V,Hyi
3685,,0.788981,24.267178,4.08,K1II,And
12355,,2.658044,0.328511,4.08,B2IV,Cet
14112,,3.039863,-23.624472,4.08,A4V,Eri
105162,,21.36811,19.804508,4.08,K1III,Peg
26301,,5.615108,9.290673,4.09,G8III-IV,Ori
77214,Gudja,15.812327,18.141564,4.09,M1III,Ser
38057,,7.820638,-46.373205,4.1,B0III,Pup
12744,,2.736634,49.228448,4.1,F7V,Per
90288,,18.480505,-49.070588,4.1,G8/K0III,Tel
7499,Titawin,1.613299,41.405459,4.1,F8V,And
93865,,19.167154,-39.340796,4.1,K0II/IIICN.,CrA
33956,Muliphein,7.062637,-15.633286,4.11,B8II,CMa
93819,Meridiana,19.157869,-37.904474,4.11,A0/A1V,CrA
42193,,8.627399,-42.989081,4.11,A6II,Vel
57266,,11.775232,-61.178398,4.11,G0II,Cen
51690,,10.591166,-78.607786,4.11,M0III,Cha
113278,,23.014677,-52.754137,4.11,G8III,Gru
76206,,15.612,-66.317037,4.11,K0III,TrA
12452,,2.677781,-39.855375,4.11,K0III,Eri
48219,Zhang,9.85797,-14.846603,4.11,G6/G8III,Hya
19762,,4.248295,48.409331,4.12,G0Ib...,Per
28543,,6.039722,9.647276,4.12,Am...,Ori
58773,,12.086817,8.732985,4.12,G8III,Vir
110696,,22.495955,-43.749224,4.12,M4.5IIIa,Gru
102647,,20.863692,-26.919133,4.12,K4III,Cap
12360,,2.659799,-68.266946,4.12,B9III,Hyi
97721,,19.921026,-41.868288,4.12,K0III,Sgr
116405,,23.665844,5.626292,4.13,F7V,Psc
102154,,20.76826,-25.270898,4.13,F5V,Cap
77617,,15.897093,-16.729293,4.13,K0III,Lib
30810,,6.482719,20.212133,4.13,B6III,Gem
112050,,22.767692,-81.381615,4.13,A9IV/V,Oct
25184,,5.399119,-7.808065,4.13,G8III,Ori
58895,,12.114687,-64.61373,4.14,F2III,Cru
109591,,22.26616,37.748737,4.14,K3III,Lac
42195,,8.627602,5.703782,4.14,A1Vnn,Hya
77923,,15.959794,26.87788,4.14,K3III,CrB
75895,,15.548829,31.359133,4.14,B6Vnn,CrB
107011,,21.744092,25.645036,4.14,F5IV,Peg
17566,Merope,3.772104,23.948358,4.14,B6IV,Tau
16328,,3.514549,12.936678,4.14,K0II-III...,Tau
34677,,7.197739,-0.492764,4.15,A2V,Mon
84853,,17.394708,37.145946,4.15,B9.5III,Her
116439,,23.673469,44.333932,4.15,B9IVn,And
36263,,7.485195,31.78455,4.16,F0V...,Gem
28664,,6.068671,23.263341,4.16,G7III,Gem
85081,,17.439504,-24.175309,4.16,A3IV:m,Oph
2592,,0.549997,62.931783,4.17,B1Ia,Cas
109657,Ancha,22.280565,-7.78329,4.17,G8III-IV,Aqr
17833,,3.824237,-36.20025,4.17,G8III,Eri
111601,,22.677594,-27.043617,4.18,B8V,PsA
69205,Kang,14.214929,-10.273702,4.18,K3III,Vir
109511,,22.250544,57.043587,4.18,F0IV,Cep
69510,Xuange,14.273074,46.088305,4.18,A0sh,Boo
81058,,16.606242,-35.255326,4.18,K5III,Sco
67244,,13.824091,-34.450776,4.19,M5III,Cen
91756,,18.761035,20.546308,4.19,F6V,Her
112090,,22.778216,12.172888,4.2,F7V,Peg
38721,,7.94765,-22.880119,4.2,F7/F8II,Pup
25749,,5.51307,5.948139,4.2,B5V,Ori
80880,,16.568384,42.437041,4.2,B9Vvar,Her
112886,,22.932472,-32.539628,4.2,G8III,PsA
51089,,10.464727,36.707212,4.2,G8III-IV,LMi
20583,,4.422822,22.293874,4.21,A7IV-V,Tau
105519,,21.440705,-65.366198,4.21,F6V,Pav
16187,,3.484482,59.94033,4.21,B9Ia,Cam
81830,,16.766159,82.037262,4.21,G5IIIvar,UMi
100767,,20.493015,62.994105,4.21,A7III,Cep
104764,,21.290265,39.394681,4.22,B9Iab,Cyg
102122,,20.761043,30.719715,4.22,K0III,Cyg
89630,,18.345955,71.337814,4.22,A0p (Si),Dra
17609,,3.780804,-23.249723,4.22,F3/F5V,Eri
92502,,18.908412,36.898613,4.22,M4IIvar,Lyr
92319,,18.870288,-62.187593,4.22,B2II-III,Pav
114362,,23.238711,-6.049003,4.22,M2III,Aqr
91888,,18.786242,-4.747867,4.22,G5II...,Sct
38406,,7.888378,-48.102934,4.22,B0.5Ib,Pup
78678,,16.109874,-36.802288,4.22,B2.5Vn,Lup
13221,,2.843063,38.318644,4.22,F2III,Per
80327,,16.450399,-18.456251,4.22,B2Vne,Oph
37522,,7.721867,28.88351,4.23,K1III SB,Gem
81602,,16.718126,-77.517435,4.23,K0III,Aps
64189,,13.197904,27.878183,4.23,G0V,Com
68302,,14.027443,1.544532,4.23,A3V,Vir
107190,,21.779891,49.30957,4.23,B3III,Cyg
106916,,21.725127,58.780046,4.23,M2Ia,Cep
66941,,13.761471,-33.043721,4.23,F3V,Cen
1595,,0.334142,-64.874791,4.23,F9V,Tuc
78861,,16.146162,44.934906,4.23,B9MNp...,Her
93530,,19.106971,-37.063437,4.23,F7IV-V,CrA
59816,,12.305812,-79.31224,4.24,B5Vn,Cha
61124,Chara,12.562411,41.35748,4.24,G0V,CVn
80665,,16.523037,-34.704366,4.24,B2III-IV,Sco
86298,,17.690243,-12.875307,4.24,A2Va,Ser
5361,,1.145613,86.25709,4.24,K2II-III,Cep
114493,,23.264859,-9.087737,4.24,K0III,Aqr
12737,,2.735375,-13.858696,4.24,B7IV,Cet
11380,,2.449755,-47.70384,4.24,B5IV,Eri
21349,,4.594239,10.16079,4.25,A5m,Tau
62699,,12.890607,-40.178872,4.25,A4IV,Cen
40959,Alsciaukat,8.380588,43.188131,4.25,K5III,Lyn
5884,,1.262704,-68.875927,4.25,F6IV,Tuc
70470,,14.458758,75.695993,4.25,K4III,UMi
19119,,4.109735,50.351262,4.25,A0IVn,Per
23917,,5.15244,-8.754081,4.25,B2IVn,Eri
107075,,21.75748,61.120806,4.25,A2Iavar,Cep
21423,,4.611508,41.264808,4.25,G8II comp,Per
85907,,17.609121,-38.635308,4.26,G8/K0III/IV,Sco
22730,,4.900836,66.342678,4.26,O9.5Ia SB:,Cam
43939,Acubens,8.974784,11.857701,4.26,A5m,Cnc
108573,Kurhah,22.063135,64.627971,4.26,Am,Cep
5423,,1.158368,47.241792,4.26,B7III,And
19843,,4.267097,-51.486648,4.26,F4III,Dor
16570,,3.563132,-21.632883,4.26,B9V,Eri
87994,,18.025113,21.595782,4.26,G5,Her
15471,82 G. Eri,3.331944,-43.069784,4.26,G8V,Eri
8183,Torcular,1.756564,9.157736,4.26,K0III,Psc
19810,,4.258905,8.892357,4.27,B3IV,Tau
115465,,23.466138,6.378992,4.27,K1III,Psc
102201,,20.77764,16.124296,4.27,K1IV,Del
63801,,13.11518,-49.906246,4.27,B1.5V,Cen
74682,,15.308897,-47.875272,4.27,B8V,Lup
4896,,1.049058,7.890135,4.27,K0III,Psc
94999,Arkab Posterior,19.386976,-44.799778,4.27,F2III,Sgr
12795,,2.749039,10.114146,4.27,F1III-IV,Cet
21828,,4.704084,22.956926,4.27,B3V,Tau
21536,,4.635961,12.510838,4.27,A6V,Tau
51027,,10.45253,-31.067779,4.28,K4III,Ant
109064,,22.166457,33.178224,4.28,F5III,Peg
105175,,21.370776,-16.834542,4.28,G8III,Cap
85164,,17.455909,-29.867033,4.28,F3III,Oph
47060,,9.618151,81.326382,4.28,K3III,Dra
99336,,20.223288,56.567722,4.28,A3IV-Vn,Cyg
20659,,4.438461,22.813583,4.28,A8Vn,Tau
113770,,23.11465,-43.520358,4.28,F5me...,Gru
76819,,15.734299,77.794493,4.29,A3Vn,UMi
16811,,3.614551,0.401662,4.29,F9V,Tau
108793,,22.107286,-13.869679,4.29,B8V,Aqr
57763,,11.881813,-33.908124,4.29,Ap Si,Hya
116265,,23.63561,43.268073,4.29,B8V,And
110841,,22.52509,-32.346073,4.29,A1V,PsA
24785,,5.326257,-13.176788,4.29,B0.5IV,Lep
80648,,16.518991,-16.612733,4.29,G8/K0III,Oph
52003,,10.655112,-55.603268,4.29,G2II,Vel
17489,Taygeta,3.75347,24.467278,4.3,B6V,Tau
99706,,20.29413,-12.508212,4.3,G3Ib,Cap
17757,,3.809963,-37.620155,4.3,A+...,Eri
11457,,2.469317,8.460054,4.3,B9III,Cet
28333,,5.998917,45.936736,4.3,M3IIvar,Aur
57496,,11.828077,-63.788478,4.3,B3V,Cen
42680,,8.72041,3.398662,4.3,B3V...,Hya
4567,,0.976766,-29.357449,4.3,B7IIIp,Scl
69846,,14.338763,-56.386497,4.3,B6Ib,Cen
60983,,12.53451,-16.196007,4.3,F2V,Crv
56478,,11.615814,-0.823749,4.3,G9III,Leo
53262,,10.92689,24.749718,4.3,A1,Leo
20597,,4.424828,17.92791,4.3,A2IV,Tau
42449,,8.676953,-59.761003,4.31,B1.5III,Car
75182,Alkalurops,15.408181,37.377167,4.31,F0V,Boo
70415,,14.448801,-83.667884,4.31,K2III,Oct
101519,,20.638967,-1.105121,4.31,G8III SB,Aql
78750,,16.123424,-20.868764,4.31,G6/G8III,Sco
16785,,3.608159,48.192634,4.32,B5Ve,Per
29623,,6.256304,29.498076,4.32,G8IIIvar,Aur
42948,,8.772927,-13.54772,4.32,G8III,Hya
25880,,5.536875,18.594234,4.32,M2Ib,Tau
58583,,12.050447,-63.31293,4.32,Am,Cru
84622,,17.347128,-12.846875,4.32,A0/A1V,Ser
21710,,4.674031,-19.671493,4.32,M3/M4III,Eri
46617,Alterf,9.528675,22.967971,4.32,K5IIIvar,Leo
64037,Diadem,13.166469,17.529431,4.32,F5V,Com
72456,,14.860641,-43.575359,4.32,B5IV,Lup
67455,,13.863779,-32.994089,4.32,B5,Cen
118742,Alula Australis,11.303118,31.528783,4.33,G0 Ve,UMa
89548,,18.331031,36.064547,4.33,K2IIIvar,Lyr
62670,,12.885258,-48.943315,4.33,K3/K4III,Cen
84147,Guniibuu,17.255836,-26.602829,4.33,K2:III:,Oph
70353,,14.436336,-45.379276,4.33,A7:+...,Lup
36182,,7.469387,8.92553,4.33,K3III SB,CMi
88589,,18.143,-63.668553,4.33,Am,Pav
45365,,9.270024,-57.541473,4.34,M1III,Car
107005,,21.74186,17.350017,4.34,G5Ib,Peg
76317,,15.634232,-42.567348,4.34,K4.5III,Lup
47042,,9.613772,-49.355026,4.34,A5V,Vel
2906,,0.61468,33.719344,4.34,B5V,And
40773,,8.344115,-77.484477,4.34,K0III-IV,Cha
68305,,14.028748,-45.603421,4.34,F6II,Cen
27034,,5.746223,-65.735526,4.34,A7V,Dor
91874,,18.783686,18.181519,4.34,A5III,Her
5530,,1.185017,55.149901,4.34,A7Vvar,Cas
3025,,0.642602,29.311751,4.34,G5III...,And
85096,,17.441911,4.14036,4.34,K3IIvar,Oph
91684,,18.746209,37.605115,4.34,Am,Lyr
110675,,22.492173,47.706887,4.34,M0II,Lac
31052,,6.530935,-23.418422,4.34,B1III,CMa
14802,Botein,3.193822,19.726677,4.35,K2IIIvar,Ari
22456,,4.843534,8.900176,4.35,A1Vn,Ori
89819,,18.387117,-61.493901,4.35,M1III SB,Pav
107037,,21.749113,-33.025781,4.35,B9.5V,PsA
74628,,15.297178,-30.148673,4.35,K1II/III,Lup
43113,,8.807214,5.837812,4.35,A0Vn,Hya
39681,,8.132173,-68.617062,4.35,B6IV,Vol
60554,,12.448966,28.268423,4.35,K2IIICN+...,Com
33362,,6.954612,58.422759,4.35,G5III-IV,Lyn
94418,,19.272804,38.133731,4.35,K0II,Lyr
85560,Yildun,17.536918,86.58646,4.35,A1Vn,UMi
31330,,6.58294,-52.975607,4.35,B9III,Car
10300,,2.216665,8.846717,4.36,G8II:,Cet
33260,,6.935618,-17.054242,4.36,B3Ib/II,CMa
96165,,19.612022,-1.286601,4.36,B5III,Aql
68642,,14.10077,-41.179633,4.36,B2V,Cen
22648,,4.881575,-5.452695,4.36,A9IV,Eri
16294,,3.509579,47.995216,4.36,K3III,Per
3398,,0.722567,-57.46306,4.36,A0IV,Phe
24270,,5.220522,-12.941291,4.36,B7V,Lep
18990,,4.078253,22.081926,4.36,K0III,Tau
2478,,0.525725,-62.958218,4.36,B9V,Tuc
28127,,5.958947,-35.28328,4.36,B2.5IV,Col
39750,,8.143236,-2.983786,4.36,G2Ib,Mon
35317,,7.311802,-24.954375,4.37,O9Ib,CMa
98101,,19.995605,-35.276305,4.37,B2.5IV,Sgr
154,,0.032672,-6.014072,4.37,M3III,Psc
29734,,6.275871,-35.140519,4.37,G8II,Col
53618,,11.002572,-42.225859,4.37,A3IV,Vel
88610,,18.14597,20.814557,4.37,B2IV,Her
98939,,20.148145,77.711419,4.38,B9III,Cep
64034,,13.165831,-5.53901,4.38,A1V,Vir
115304,,23.434108,-20.642014,4.38,K4III,Aqr
115865,,23.549512,-37.818268,4.38,B9.5IVMNpe.,Scl
39200,,8.03776,2.334571,4.39,K2III,CMi
104979,,21.331096,-53.449427,4.39,A5V,Ind
26111,,5.580344,9.489579,4.39,B0IV...,Ori
17842,,3.825357,65.525972,4.39,M1III,Cam
96530,,19.68415,17.476041,4.39,G8II,Sge
82421,,16.900131,10.165359,4.39,B8V,Oph
96450,Sham,19.668275,18.01389,4.39,G0II,Sge
8818,,1.894102,-46.302669,4.39,M4III SB,Phe
73392,,15.048344,2.091303,4.39,K0III,Vir
84636,,17.350101,-21.112933,4.39,F2/F3V,Oph
27844,,5.906386,20.276174,4.39,G0V,Ori
49496,,10.131742,9.997508,4.39,K4III,Leo
30346,,6.396135,4.592865,4.39,A5IV,Mon
108086,,21.965293,-54.992575,4.4,F0IV,Ind
37962,,7.801436,-25.937169,4.4,B1IV:nne,Pup
92723,,18.949177,-67.233495,4.4,F5Ib-II:,Pav
4453,,0.953445,23.417648,4.4,G8III-IV,And
39793,,8.150455,-19.245014,4.4,B5V,Pup
34601,,7.185659,30.245163,4.41,K2III,Gem
87726,,17.975041,30.189277,4.41,F2II,Her
114670,,23.298393,-9.182513,4.41,B5Vn,Aqr
114740,,23.313733,-32.532027,4.41,K1III,Scl
32675,,6.830921,-53.622449,4.41,G6II,Car
104800,,21.298632,34.896898,4.41,B2Vne,Cyg
70077,,14.383956,-39.511819,4.41,B2V,Cen
113861,,23.131623,75.387496,4.41,G2III,Cep
85433,Maasym,17.512308,26.110645,4.41,K3IIIvar,Her
31620,,6.631506,-18.237478,4.42,K0II/III,CMa
28966,,6.126201,14.768472,4.42,B3IV,Ori
53798,,11.038827,20.179842,4.42,A1m,Leo
110192,,22.392675,52.229046,4.42,G9III,Lac
40211,,8.234143,-40.34789,4.42,K1II/III,Pup
115258,Alkarab,23.422993,23.404101,4.42,F8IV,Peg
77022,,15.77406,7.353073,4.42,G0Vvar,Ser
88018,,18.029222,1.305076,4.42,A2Vn,Oph
72345,,14.838147,-27.960371,4.42,K3III,Hya
34828,,7.225637,-44.639739,4.42,M5e,Pup
34887,,7.237559,-26.352507,4.42,B3III,CMa
19799,Keid,4.254537,-7.652871,4.43,K1V,Eri
101950,,20.724315,15.074581,4.43,A7IIIp d Del,Del
94186,Aladfar,19.229302,39.145968,4.43,B2.5IV,Lyr
102293,,20.795621,-5.027701,4.43,M3IIIvar,Aqr
17551,,3.769037,-12.101589,4.43,M1III,Eri
100260,,20.397671,32.190172,4.43,K3III,Cyg
22987,,4.95478,53.752101,4.43,A1V,Cam
98375,,20.044299,-27.709845,4.43,M4III,Sgr
36689,,7.567551,-22.296067,4.44,F6V,Pup
21717,,4.676039,-41.863752,4.44,F2V,Cae
95473,Anser,19.478427,24.664905,4.44,M0 comp,Vul
3778,,0.811373,7.585079,4.44,K5III,Psc
39978,,8.189304,-39.618545,4.44,K4III,Pup
29987,,6.327052,59.010964,4.44,A2Vs,Lyn
19871,,4.274738,-59.302156,4.44,K2IV,Ret
70895,,14.543629,-50.457157,4.44,B2III,Lup
40591,,8.309258,-36.659288,4.44,A4m...,Pup
1169,,0.244005,-18.932866,4.44,M1III,Cet
95927,,19.568153,7.378941,4.45,K3III,Aql
54921,,11.277695,-3.651601,4.45,A7IVn,Leo
51700,,10.59314,-57.557636,4.45,K3/K4II,Car
13114,,2.818169,-32.405898,4.45,G8III,For
7869,,1.690526,5.487613,4.45,K3III,Psc
42283,Minchir,8.645955,3.341435,4.45,K2III,Hya
94352,,19.259229,73.355468,4.45,K3III,Dra
29353,,6.198999,14.208765,4.45,B3IV,Ori
24187,,5.204973,-11.869219,4.45,B8V,Lep
44064,,9.001505,-41.253605,4.45,Fp,Vel
52481,,10.763087,-80.540188,4.45,B2.5IV,Cha
80729,,16.535611,-21.46639,4.45,Ap,Oph
24274,,5.221523,2.861265,4.46,K3III...,Ori
44773,,9.147863,51.604648,4.46,Am,UMa
58994,,12.134788,-50.661278,4.46,B2IIIne,Cen
54522,,11.194302,-22.825847,4.46,A1V,Crt
18210,,3.904862,-2.95473,4.46,G8III,Eri
80339,,16.453067,-47.554786,4.46,B4V,Nor
11542,,2.484437,67.402474,4.46,A5p Sr,Cas
112588,,22.875427,-32.875504,4.46,A0III,PsA
31139,,6.548396,7.332965,4.47,A0Ib,Mon
46873,,9.580405,52.051477,4.47,A2V,UMa
12810,,2.751715,-18.572563,4.47,F5/F6V,Eri
71058,,14.578,29.74513,4.47,F3Vwvar,Boo
44471,,9.085785,-72.602705,4.47,F6II-III,Car
23069,,4.975806,1.714016,4.47,K2IIvar,Ori
108765,,22.101914,-39.543353,4.47,M0III,Gru
15510,,3.338989,29.048458,4.47,K2II-III,Ari
57630,,11.852419,-45.17347,4.47,K4III,Cen
38847,,7.970678,-49.244912,4.47,B1Vp + B2,Pup
30715,,6.469503,-32.58007,4.47,B4V,CMa
46014,,9.410906,26.182324,4.47,K2III,Leo
72938,,14.953055,-4.346462,4.47,F0V,Lib
104520,,21.241337,10.006981,4.47,F5V+...,Equ
80101,,16.401718,-20.037327,4.48,K0III,Oph
113529,Fumalsamakah,23.064615,3.820045,4.48,B6Ve,Psc
32492,,6.79768,2.412159,4.48,K0III,Mon
49500,,10.1323,-0.371637,4.48,A0III,Sex
75094,,15.389625,-59.320787,4.48,B5III + F8,Cir
113757,,23.111345,-23.743115,4.48,G8III,Aqr
18697,,4.014946,-62.159284,4.48,M4III,Ret
3496,,0.74542,48.284364,4.48,B5III,Cas
20661,,4.439094,15.618265,4.48,F0V...,Tau
117954,,23.998594,-65.577132,4.49,B9IV,Tuc
116605,,23.712039,-14.544905,4.49,B9V,Aqr
116562,,23.700779,1.780041,4.49,A7V,Psc
9460,,2.032644,70.90702,4.49,A3IV,Cas
103899,,21.118797,-25.005853,4.49,K5/M0III,Cap
34741,,7.20935,-46.759305,4.49,F0IV,Pup
71536,,14.678768,16.418324,4.49,B9p MnHg,Boo
38343,,7.877402,-38.862812,4.49,B2V,Pup
32164,,6.733137,13.228017,4.49,K1III,Gem
96138,,19.607372,50.221103,4.49,F4V,Cyg
49451,,10.123821,35.244693,4.49,A7V,LMi
21195,,4.55849,-29.766492,4.49,K0III,Eri
106967,,21.73571,28.742632,4.49,F6V,Cyg
111591,,22.675233,44.276305,4.5,K3III,Lac
42986,,8.778487,-56.769776,4.5,B3Vne,Car
108939,,22.139722,-32.988468,4.5,A2V,PsA
26529,,5.653096,4.121467,4.5,B3IIIe,Ori
104122,,21.159902,-11.371693,4.5,G8III,Aqr
105698,,21.478721,-21.80718,4.5,K0III,Cap
67063,,13.78771,17.456906,4.5,F7V,Boo
57392,,11.799762,20.218931,4.5,A comp SB,Leo
27461,,5.830451,-56.166663,4.5,K1III,Pic
109408,,22.231312,39.714927,4.5,K3III,Lac
99554,,20.262816,27.814242,4.5,K3III,Vul
50532,,10.348557,-56.04322,4.5,B3III,Vel
110492,,22.455531,-64.966354,4.51,B8V,Tuc
1470,,0.305463,36.785224,4.51,A2V,And
5574,,1.194342,30.089638,4.51,K0III-IV...,Psc
27414,,5.819567,39.181071,4.51,G8III,Aur
106381,,21.618008,-19.466011,4.51,B3V:p,Cap
47257,,9.655839,-61.32806,4.51,B9V,Car
76616,,15.692516,19.670401,4.51,A1V,Ser
46382,,9.487423,-35.951335,4.51,K3III,Ant
117495,,23.906398,57.499382,4.51,F8Iavar,Cas
98389,,20.04696,67.873565,4.51,K3III,Dra
102002,,20.733966,-51.920971,4.51,A6:var,Ind
73517,,15.074098,26.947649,4.52,K2III,Boo
105798,,21.499137,23.638838,4.52,M1III,Peg
69751,Khambalia,14.318498,-13.371095,4.52,A1V,Vir
65182,,13.400128,-64.535668,4.52,G5III-IV,Cen
110757,,22.508128,43.123376,4.52,B2IV,Lac
94881,,19.362117,-15.955018,4.52,F2p,Sgr
13028,Lilii Borea,2.79848,29.247118,4.52,K1III,Ari
102100,,20.755878,57.579725,4.52,F8IV-V,Cep
88835,,18.187157,-45.954418,4.52,G5III,Tel
65066,,13.377211,-60.988393,4.52,B3V,Cen
86803,,17.792674,-27.830788,4.53,F7II,Sgr
3871,,0.830234,41.078911,4.53,B5V SB,And
114208,,23.20916,49.406207,4.53,F0V,And
28342,,6.00093,-3.074253,4.53,K2IIIvar,Ori
102258,,20.790149,36.490717,4.53,B6IV,Cyg
85106,,17.443856,-5.086596,4.53,F3V,Oph
36990,,7.622809,-34.96853,4.53,B8IV/V,Pup
2479,,0.525946,-62.965561,4.53,A2V,Tuc
69261,,14.224718,51.789965,4.53,A8IV,Boo
46819,,9.570384,36.397558,4.54,G8III,LMi
113783,,23.116739,9.409492,4.54,M2III,Peg
31339,,6.584274,-22.964793,4.54,A0III,CMa
115554,,23.485915,12.760554,4.54,G8III,Peg
46844,,9.574703,69.830343,4.54,G4III-IV,UMa
46643,,9.533036,-1.184664,4.54,A3V,Hya
75075,,15.385931,-36.858489,4.54,B4V,Lup
72432,,14.856493,19.10046,4.54,G8V + K4V,Boo
24667,,5.302935,33.371613,4.54,K3III...,Aur
74164,,15.203692,-19.79171,4.54,Asp...,Lib
97851,,19.94912,-27.169899,4.54,K3III,Sgr
76137,,15.598126,-44.958389,4.55,B3IVp,Lup
79837,,16.343939,-24.16932,4.55,A4II/III,Sco
106776,,21.698652,71.311417,4.55,K0III,Cep
23540,,5.07344,-35.482978,4.55,K2III,Cae
36322,,7.496606,12.006564,4.55,K2III,CMi
16241,,3.49854,58.87875,4.55,A0Ia SB:,Cam
110005,,22.350428,46.536569,4.55,B6V,Lac
110263,,22.408609,49.476392,4.55,B9Iab,Lac
300,,0.06233,-17.335988,4.55,B9IVn,Cet
88562,,18.134716,-28.457093,4.55,K0IIICNpvar,Sgr
33607,,7.001081,76.977408,4.55,K4III,Cam
48265,,9.868433,54.064332,4.55,A3IV,UMa
27761,,5.88879,27.612262,4.56,A0V,Tau
44572,,9.108825,38.452215,4.56,G8Ib-II,Lyn
102673,,20.868801,27.096979,4.56,G8III,Vul
70351,,14.435619,-45.221424,4.56,B2IV,Lup
85829,,17.594332,-46.505684,4.56,A0V,Ara
54789,,11.253397,23.095502,4.56,M3III,Leo
18550,,3.979095,-61.400185,4.56,M2III,Ret
103859,,21.110026,47.648403,4.56,K4II,Cyg
13294,,2.858566,35.059741,4.56,K5III,Per
93710,,19.139156,-40.496703,4.57,K1III,CrA
97575,,19.891026,24.079614,4.57,B9.5III,Vul
16829,,3.618244,-40.274545,4.57,K0III,Eri
80232,,16.426422,-23.447178,4.57,B2V,Oph
86347,Dziban,17.698978,72.148843,4.57,F5IV-V,Dra
92527,,18.912468,22.645076,4.57,G4III+...,Her
80221,Cujam,16.423598,14.03327,4.57,B9p Cr,Her
79164,,16.205057,-27.926372,4.58,B2V,Sco
86019,,17.630754,-8.118771,4.58,B8II-IIIMNp,Oph
48237,,9.861298,-46.54762,4.58,G5Ib,Vel
114887,Salm,23.343956,23.740337,4.58,A5V,Peg
52317,,10.725639,-60.566619,4.58,K3Ib,Car
64220,,13.204892,-59.920579,4.58,B8V,Cen
67414,,13.857205,64.723272,4.58,M3III,Dra
26172,,5.589768,-4.838358,4.58,B2III...,Ori
17917,,3.839302,71.332266,4.59,A2IVn,Cam
96162,,19.611786,-24.883623,4.59,B8/B9V,Sgr
42408,,8.67024,64.327936,4.59,K2III,UMa
25409,,5.447286,3.095674,4.59,B2IV,Ori
17309,,3.713908,-37.313518,4.59,K2IIICN...,Eri
54591,,11.210005,-60.317625,4.59,A6Ia,Car
77604,,15.893533,-25.327142,4.59,B2.5Vn,Sco
50413,,10.326877,-55.029305,4.59,K3II,Vel
91639,,18.739661,39.612721,4.59,A8Vn,Lyr
3238,,0.688766,-46.085007,4.59,G8III,Phe
77276,,15.82657,26.068394,4.59,G5III-IV,CrB
46376,,9.485805,-2.768964,4.59,F6V,Hya
117085,,23.815427,-28.130268,4.59,A0V,Scl
75272,,15.422285,-38.73362,4.6,A0V,Lup
53347,,10.945289,-37.137765,4.6,K0III,Ant
49261,,10.085408,-13.064626,4.6,B8V,Hya
94786,,19.344467,65.714531,4.6,A2IIIs,Dra
71899,,14.754017,16.96428,4.6,K0III,Boo
20021,,4.304056,50.295502,4.6,A2V,Per
77524,,15.877903,42.451518,4.6,F9V,Her
441,,0.088928,-5.707618,4.61,K1III,Psc
75987,,15.569638,-10.064529,4.61,K1IV,Lib
101148,,20.565052,35.250852,4.61,K2Ib comp,Cyg
36044,,7.445237,49.211527,4.61,A1V,Lyn
1363,,0.284863,38.681636,4.61,A2V,And
8814,,1.892597,3.187536,4.61,K0III SB,Psc
38985,,7.997792,-18.399228,4.61,A1V,Pup
14781,,3.188163,39.611582,4.61,K1III,Per
62807,,12.910889,-59.146701,4.62,B4Vn,Cru
25858,,5.532183,-7.301537,4.62,B0V,Ori
54024,,11.083619,7.336007,4.62,F2III-IVvar,Leo
18626,,3.998745,-24.016215,4.62,Ap Si,Eri
80385,,16.463385,-8.371731,4.62,A3m,Oph
92654,Alya,18.936995,4.203595,4.62,A5V,Ser
62132,,12.772981,-56.488815,4.62,B3V,Cru
44696,,9.134133,-25.858536,4.62,K4/K5III,Pyx
90700,,18.558383,-42.31251,4.62,G5III,CrA
56311,,11.579355,-54.264091,4.62,B9V,Cen
23442,,5.051596,21.589962,4.62,A7V,Tau
87902,,18.008058,-3.690269,4.62,F3V,Ser
54143,,11.109015,-62.424113,4.62,G8III,Car
4412,Castula,0.944432,59.181056,4.62,G8III-IV,Cas
38388,,7.884344,-49.613044,4.63,B1.5Vp,Pup
45317,,9.262522,-37.413144,4.63,F3/F5V,Vel
13880,,2.986868,21.340429,4.63,A2Vs,Ari
92225,,18.853348,59.388351,4.63,K0II-III SB,Dra
78423,,16.058931,-57.775064,4.63,A7IV,Nor
61596,,12.664594,-39.987302,4.63,B8II/III,Cen
90515,,18.522896,-62.278302,4.63,B8III,Pav
117763,,23.962647,25.141401,4.63,M3III,Peg
72972,,14.959743,65.93246,4.63,M5III,UMi
37541,,7.725663,-28.410885,4.63,K5III,Pup
77399,,15.849652,-25.751295,4.63,B1.5Vn,Sco
42716,,8.727882,-7.23373,4.63,G2Ib,Hya
66527,,13.678967,54.681634,4.63,M2IIIvar,UMa
76433,,15.656299,36.635812,4.64,B7V+...,CrB
95289,,19.441969,0.33857,4.64,F2Ib,Aql
84348,,17.294517,37.291498,4.64,A2V,Her
82118,,16.830563,-10.783,4.64,F7IV,Oph
113559,,23.069702,50.052091,4.64,K0III,And
18171,,3.895195,-24.61223,4.64,B5V,Eri
101263,,20.588482,14.674213,4.64,A3V,Del
111323,,22.622899,51.545123,4.64,A8IV,Lac
76593,,15.686505,-44.661205,4.64,F5IV-V,Lup
22792,,4.914924,10.150833,4.64,A0V,Ori
88488,,18.121767,8.733867,4.64,G8III-IV,Oph
67023,,13.777604,-51.432766,4.64,G8/K0III,Cen
28645,,6.065329,20.138452,4.64,B2Iavar,Ori
78400,,16.053579,-49.229695,4.65,G8III,Nor
27821,,5.901658,-63.089627,4.65,K1III/IV,Dor
21220,,4.564143,14.844424,4.65,A8V,Tau
36811,,7.589694,-28.369323,4.65,B8V,Pup
58415,,12.014553,6.614322,4.65,A5V,Vir
23552,,5.076153,15.404105,4.65,A0p Si,Ori
36412,,7.511834,-30.962281,4.65,G2Ib...,Pup
35266,,7.30511,-36.733962,4.65,B2V+...,Pup
12686,,2.724198,27.707146,4.65,B3V,Ari
51047,,10.456798,-57.638805,4.65,A6Ia,Car
118632,,9.511764,-40.465622,4.65,F0 IV,Vel
42687,Asellus Borealis,8.721431,21.468501,4.66,A1IV,Cnc
76469,,15.662772,-34.411926,4.66,G8/K0III,Lup
98232,,20.018346,27.753573,4.66,A4III,Vul
8481,,1.826418,-10.68641,4.66,F3III,Cet
88293,,18.083674,-29.580087,4.66,G0Ib/II,Sgr
53141,,10.899648,43.189956,4.66,A1Vs,UMa
61547,,12.654102,-7.995564,4.66,K2III,Vir
61819,,12.709858,-48.813109,4.66,K0III,Cen
89856,,18.394329,-8.934383,4.66,K0III,Sct
5559,,1.190894,21.03465,4.66,K0III,Psc
44498,,9.093994,-70.538497,4.66,B2IVe,Car
89400,,18.300886,-27.042641,4.66,K3III,Sgr
35110,,7.276387,-27.881179,4.66,M2III,CMa
33215,,6.927064,-20.136497,4.66,F2IV/V,CMa
31895,,6.682961,9.895754,4.66,O7,Mon
87856,,18.000949,16.750919,4.67,K0II-III,Her
103406,,21.021517,-32.257767,4.67,G8III,Mic
21630,,4.654583,15.917977,4.67,A5Vn,Tau
40054,Tegmine,8.203535,17.647771,4.67,G0V,Cnc
28837,,6.10259,-14.935254,4.67,A0V,Lep
44947,,9.181941,63.513633,4.67,Am,UMa
91633,,18.738984,39.670123,4.67,F1V,Lyr
95799,Alsafi,19.539149,69.661175,4.67,K0V,Dra
19761,,4.248143,40.483671,4.67,G5II comp,Per
5730,,1.229152,24.583713,4.67,K0III...,Psc
90315,,18.486626,-14.565813,4.67,A1IV/V,Sct
16203,,3.489456,49.508948,4.67,B3V,Per
106444,Bunda,21.629197,-7.854201,4.68,A7V,Aqr
43754,,8.938686,-52.723475,4.68,B5V,Vel
65798,,13.532746,-6.255816,4.68,M3III,Vir
51947,,10.645337,31.976237,4.68,G0II,LMi
111857,,22.726454,-18.830375,4.68,K3III,Aqr
79805,,16.339119,-78.695745,4.68,M5III,Aps
47177,,9.640913,4.649293,4.68,K3III,Hya
9655,,2.074844,-29.296819,4.68,B9.5p (Si),For
66025,,13.57425,49.015973,4.68,A5V,CVn
7280,,1.565528,59.23204,4.68,K0III,Cas
96377,,19.656279,30.153321,4.68,G8III-IV...,Cyg
8909,,1.915572,-67.647303,4.68,G5III,Hyi
48889,,10.003557,8.044223,4.68,M2III,Leo
13845,,2.979352,39.662728,4.68,A2Vn,Per
39100,,8.020371,-1.392608,4.69,K4III,Mon
20680,,4.443437,14.713782,4.69,G8III,Tau
37981,,7.805608,-47.077722,4.69,K0III,Pup
37067,,7.638346,-25.364804,4.69,B8IV,Pup
51951,,10.645834,-59.182997,4.69,K4/K5III:,Car
108526,,22.055486,-56.785977,4.69,K5V,Ind
106795,Azelfafage,21.701573,51.189622,4.69,B3IV,Cyg
24753,,5.318995,40.099051,4.69,G0V,Aur
62075,,12.76055,-60.981318,4.69,K1III,Cru
116023,,23.584599,-42.615075,4.69,A2V,Phe
56464,,11.611365,-9.802247,4.7,B9.5Vn,Crt
104184,,21.172361,10.131579,4.7,F0p,Equ
97755,Terebellum,19.930651,-26.299506,4.7,G3/G5III,Sgr
24866,,5.340811,-21.239763,4.7,A0V,Lep
82419,,16.899924,-42.362025,4.7,B1Iae,Sco
91441,,18.704563,-9.052549,4.7,F2IIIp d Del,Sct
115881,,23.554618,-20.914504,4.7,A0V,Aqr
56753,,11.670221,-34.74466,4.7,B9V,Hya
112756,,22.906789,84.346177,4.7,K4III,Cep
13920,,2.99525,8.907365,4.71,B6III,Cet
63742,,13.104642,-48.463289,4.71,B5V,Cen
16204,,3.489558,-62.937527,4.71,F5IV-V,Ret
104802,,21.298966,-32.172539,4.71,A0V,Mic
45894,,9.386739,-28.833873,4.71,G8III,Pyx
45770,,9.35822,-25.965439,4.71,M0III,Pyx
25673,,5.49555,-1.092239,4.71,K5III,Ori
25919,,5.545465,32.192022,4.71,B5Iab,Aur
57111,,11.746049,-18.350674,4.71,G8III,Crt
114013,,23.165249,-22.457611,4.71,A3IV:,Aqr
23638,,5.091853,-57.472704,4.71,F7V,Dor
67973,,13.960809,-63.686696,4.71,K4III,Cen
22614,,4.875545,14.250642,4.71,M3Sv,Ori
97627,Libertas,19.904134,8.461453,4.71,K0III,Aql
106845,,21.710973,-18.866323,4.72,G8III,Cap
27569,,5.850675,37.305573,4.72,M1III,Aur
50911,,10.431895,33.79612,4.72,F0V,LMi
51509,,10.553865,40.42556,4.72,A7IV,UMa
46239,,9.45511,-22.343783,4.72,K1III,Hya
51291,,10.505581,-71.992793,4.72,A2III,Car
60017,,12.345286,17.792868,4.72,G8III,Com
84256,,17.276857,-0.445297,4.72,K2III,Oph
78354,,16.046634,46.036705,4.72,B9III,Her
64639,,13.292379,40.572608,4.72,F3III,CVn
24983,,5.362708,-0.382465,4.72,B2IV-V,Ori
29203,,6.171642,-54.968645,4.72,B0.5IV,Pic
39971,,8.187863,-12.926999,4.72,K0III,Pup
58693,,12.072008,-63.165711,4.72,B2IV,Cru
6678,,1.432208,68.130012,4.72,K0III,Cas
33115,,6.910732,13.177827,4.73,F0Vp,Gem
102714,,20.877565,-8.983318,4.73,A3m,Aqr
78879,,16.149529,36.490944,4.73,K0III-IV,CrB
78673,,16.108176,-45.173185,4.73,Am,Nor
53751,,11.030465,-2.484585,4.73,K5III,Leo
39983,,8.190526,-42.987278,4.73,A7Ib,Pup
11286,,2.42706,50.278631,4.73,K4III,And
68971,,14.165242,-53.438946,4.74,G8III,Cen
77426,,15.85442,20.977919,4.74,K5III,Ser
93248,,19.051907,-42.095105,4.74,A0Vn,CrA
87844,,17.996543,-23.816133,4.74,B9V,Sgr
64720,,13.306763,-18.311196,4.74,G5V,Vir
95752,,19.529534,34.452968,4.74,B3IV,Cyg
103300,,20.997098,47.520951,4.74,B1ne,Cyg
44262,,9.04242,67.629619,4.74,M3III,UMa
42505,,8.686982,-47.317125,4.74,A5II,Vel
39790,,8.150213,-61.302429,4.74,F5V,Car
15481,,3.333129,65.652292,4.74,B2.5Vne,Cam
116236,,23.630827,-45.492351,4.74,A2V,Phe
2499,,0.529539,54.522289,4.74,B8Vn,Cas
6179,,1.324443,27.264059,4.74,A3V,Psc
108528,,22.055234,-2.155363,4.74,B7IVe,Aqr
11755,,2.534786,-15.244677,4.74,F5V,Cet
12381,,2.663326,-42.89167,4.74,A2V,Eri
16300,,3.510294,-5.075145,4.74,B9Vs,Eri
114727,,23.3104,68.111445,4.75,K0III,Cep
67572,,13.886817,-31.927612,4.75,B4IV,Cen
101285,,20.593003,-60.581749,4.75,F1III,Pav
57408,,11.80403,-66.81491,4.75,K4III,Mus
76709,,15.711395,-34.710407,4.75,B5V,Lup
76644,,15.699111,-19.678828,4.75,K5III,Lib
69491,,14.269439,51.367231,4.75,A9V,Boo
34926,,7.243928,-48.271927,4.75,B8/B9V,Pup
63153,,12.982068,17.409446,4.76,M0III,Com
65433,,13.457546,-15.973578,4.76,K1IIICN...,Vir
38788,,7.961141,-30.33457,4.76,A7III,Pup
84710,,17.366531,-67.770668,4.76,K1III,Aps
106459,,21.632007,62.08194,4.76,B2Ib,Cep
86219,,17.673276,-49.415587,4.76,F3IV,Ara
113794,,23.118539,25.468259,4.76,K0IIp,Peg
52219,,10.703926,-64.466426,4.76,B3V,Car
13254,Angetenar,2.850645,-21.004019,4.76,K0III,Eri
70041,,14.376971,-58.459117,4.76,G8/K1 + F/G,Cen
47387,,9.688058,-23.591514,4.76,B5V,Hya
2466,,0.523594,-48.803514,4.76,A0V,Phe
29924,,6.314105,69.319787,4.76,A0Vn,Cam
27681,,5.874011,1.855134,4.76,K2IIvar,Ori
13210,,2.841255,-75.066947,4.76,K3III,Hyi
55102,,11.318864,38.185557,4.76,A2V,UMa
67451,,13.863188,34.44424,4.76,K5III,CVn
94408,,19.270289,21.390428,4.76,B4IV,Vul
60299,,12.400414,51.562257,4.76,G7III,CVn
100701,,20.481004,-17.813687,4.77,F3V,Cap
3448,,0.7365,-10.60955,4.77,K0IIIvar,Cet
62785,,12.905879,-9.538994,4.77,M3IIIvar,Vir
98448,,20.059291,-37.940699,4.77,K4III,Sgr
99723,,20.296445,38.03293,4.77,B2pe,Cyg
99985,Alshat,20.344393,-12.75908,4.77,B9IV,Cap
112160,,22.791378,83.15383,4.77,K3III,Cep
55959,,11.505248,-3.003501,4.77,K4III,Leo
14346,,3.092338,56.705719,4.77,K0II-III,Per
85939,,17.615859,68.75797,4.77,F5V,Dra
26497,,5.648079,-7.212829,4.77,A4V,Ori
32447,,6.788842,8.037254,4.77,K4III,Mon
90623,,18.542923,57.045599,4.77,F7Ib,Dra
45620,,9.329551,-11.974853,4.77,G8III,Hya
88131,,18.051367,-8.180349,4.77,F5V+...,Oph
85494,,17.523598,-23.962643,4.78,A0V,Oph
110536,,22.464312,4.695664,4.78,K0III,Peg
69881,,14.345159,-45.18706,4.78,F0IV,Lup
9954,,2.141454,37.859077,4.78,A5IV-V,And
39734,,8.140963,51.50667,4.78,A2V,Lyn
40159,,8.224866,-35.899518,4.78,B2ne,Pup
110025,,22.355372,28.330529,4.78,B9III,Peg
17545,,3.767314,63.345047,4.78,A3V...,Cam
20977,,4.509342,16.194014,4.78,A6IV,Tau
50422,,10.328938,19.470914,4.78,F6IV,Leo
26134,,5.584078,-6.002027,4.78,B0.5V,Ori
60166,,12.375087,25.84616,4.78,F8:p...,Com
23177,,4.998816,-12.537416,4.78,F0V,Eri
70083,,14.384942,-27.754017,4.78,K3III,Hya
64647,,13.293412,5.469869,4.78,M2III,Vir
122,,0.026616,-77.065724,4.78,K2III,Oct
4137,,0.883471,-1.14426,4.78,M0III,Cet
91737,,18.757465,-64.871259,4.78,A7V,Pav
87024,,17.83642,-40.090435,4.78,A6Ib,Sco
47623,,9.736694,-27.769471,4.78,A7V+...,Ant
87877,,18.004388,4.368615,4.79,B2Ve,Oph
64456,,13.25416,-67.894589,4.79,B8V,Mus
86950,,17.819577,-31.703203,4.79,B8Ib/II,Sco
1166,,0.243378,20.206702,4.79,M2III,Peg
45724,,9.349117,-62.404632,4.79,G6III,Car
9135,,1.965478,23.596061,4.79,F0V,Ari
99505,,20.254415,25.591957,4.79,B3V,Vul
109562,,22.260253,-41.3467,4.79,G8III+...,Gru
40922,,8.375471,-48.490381,4.79,B1V,Vel
22626,,4.877218,36.703187,4.79,K3III,Aur
77420,,15.85387,35.657382,4.79,K0III-IV,CrB
80570,,16.503466,-25.115224,4.79,B3V,Sco
109054,,22.163441,72.341207,4.79,G8III,Cep
69656,,14.29995,35.509505,4.8,K1III,Boo
68892,,14.147498,77.547514,4.8,K3III,UMi
84315,,17.288769,33.1001,4.8,B1.5Vp,Her
73340,,15.035141,25.008138,4.8,K4III,Boo
99320,,20.22168,46.815675,4.8,A5IIIn,Cyg
15159,Zibal,3.263896,-8.81973,4.8,A5m,Eri
31751,,6.655507,42.488877,4.8,K3III,Aur
105041,,21.346008,-40.809465,4.8,A2p,Mic
111698,,22.695947,29.307641,4.8,A1IV,Peg
110326,,22.421284,1.377401,4.8,B1Ve,Aqr
63819,,13.119646,27.624741,4.8,K5III,Com
4142,,0.884511,61.12397,4.8,F8V,Cas
79639,,16.304973,-28.61402,4.8,A0V:,Sco
23309,,5.023985,-7.173965,4.8,B3V,Eri
20304,,4.359211,46.498878,4.8,B4IV,Per
102758,,20.887431,44.38726,4.8,B5V,Cyg
52351,,10.735258,-63.961072,4.8,B5Vn,Car
45363,,9.269808,54.021857,4.8,A5V,UMa
20490,,4.401599,17.44413,4.8,A7V,Tau
118743,,11.303118,31.528783,4.8,G0 Ve,UMa
61202,,12.580857,22.629259,4.8,A0IV,Com
45679,,9.341394,-9.555695,4.8,F5V+...,Hya
44910,,9.173204,67.134018,4.8,F7IV-V,UMa
3293,,0.701081,50.512526,4.8,B2.5V,Cas
71769,,14.723712,26.52785,4.8,M3III,Boo
102393,,20.815637,46.114134,4.81,B3Ia,Cyg
24314,,5.229288,-67.185255,4.81,K2III,Dor
101539,,20.642038,21.201174,4.81,A0V,Vul
23955,,5.161654,15.597232,4.81,F2IV,Ori
70532,Elgafar,14.470038,-2.227957,4.81,G2III,Vir
90010,,18.422511,-20.541679,4.81,A1/A2V,Sgr
39028,,8.005547,-63.567456,4.81,B3V,Car
24599,,5.291411,-34.895207,4.81,K0/K1III/IV,Col
46896,,9.584399,39.621493,4.81,K0III,Lyn
28165,,5.966571,25.953912,4.81,B1Ib,Tau
55521,,11.410164,-10.859323,4.81,K5III,Crt
82070,,16.820615,45.983323,4.82,A2p...,Her
31746,,6.654644,-14.145764,4.82,K2III,CMa
51312,,10.510461,55.980536,4.82,F8V,UMa
116535,,23.696057,-17.816533,4.82,G2Ib/II,Aqr
60522,,12.442158,-51.450635,4.82,B3Vn,Cen
78316,,16.038248,22.804454,4.82,A3V,Ser
114660,,23.295732,49.0153,4.82,M2III,And
50653,,10.372108,-41.64996,4.82,K1IIIvar,Vel
36667,,7.563323,-14.523892,4.82,A4Ia,Pup
110040,,22.358632,12.205186,4.82,B2IV-V,Peg
66249,,13.624345,36.294898,4.82,A7III,CVn
110776,,22.510782,-10.67795,4.82,A0IVs,Aqr
90065,Fafnir,18.433069,65.56348,4.82,K2III,Dra
9076,,1.952792,-47.385277,4.82,G8III,Phe
79938,,16.367875,1.029039,4.82,F0V,Ser
69004,,14.173315,25.091677,4.82,F9IVw,Boo
103684,,21.073417,-19.854991,4.82,A5V,Cap
24283,,5.223811,38.484498,4.82,A4m,Aur
33005,,6.892474,-20.224254,4.82,B1Ib,CMa
83007,,17.017667,-4.222644,4.82,K4III,Oph
92492,,18.90661,71.297192,4.82,K0III,Dra
73467,,15.063174,47.65406,4.83,G2V + G2V,Boo
92733,,18.951019,-5.846314,4.83,K1III,Sct
12357,,2.659398,-11.872156,4.83,F5V,Cet
63521,,13.059256,-49.527264,4.83,A0V,Cen
91801,,18.767911,26.66213,4.83,K3III,Lyr
34404,,7.147519,-39.655657,4.83,B3IV/V,Pup
83317,,17.080376,-34.12293,4.83,B2Iab,Sco
74221,,15.213776,-44.500414,4.83,B3IV,Lup
4282,,0.916715,58.972698,4.83,K2III,Cas
6799,,1.460915,45.406687,4.83,F5IV,And
35115,,7.276898,-23.315594,4.83,K4III,CMa
40830,,8.356397,-33.054366,4.83,K2/K3III,Pup
42607,,8.707054,-53.113984,4.83,B3IV,Vel
12843,,2.759048,-67.616617,4.83,A2IV/V,Hyi
80460,,16.477373,41.881677,4.83,M6III:var,Her
92881,,18.978721,-37.107357,4.83,F3IV/V,CrA
111849,,22.724993,-41.414347,4.84,K0III,Gru
69804,,14.329233,16.306948,4.84,K3III,Boo
57156,,11.754733,8.258119,4.84,A4V,Vir
6993,,1.503087,6.14382,4.84,K4III,Psc
80762,,16.543415,11.488041,4.84,K4III,Her
112018,,22.760519,-53.500121,4.84,K2IIICNIV,Gru
19690,,4.232329,9.263824,4.84,G5III,Tau
81770,,16.754946,56.781857,4.84,F2V,Dra
81411,,16.681978,64.589046,4.84,K1p,Dra
10620,,2.284191,34.224231,4.84,G0V,Tri
26711,,5.688255,16.534148,4.84,B3IV...,Tau
37191,,7.657595,-38.308021,4.84,B3V,Pup
10316,,2.220369,44.231652,4.84,K4III,And
15419,,3.322693,3.370198,4.84,G5Vvar,Cet
119058,Graffias,16.072774,-11.374611,4.84,F6 IV-V,Sco
53651,,11.009347,3.617494,4.84,K1III,Leo
98042,,19.982555,-26.195767,4.84,G8II/III,Sgr
42015,,8.5888,-58.009228,4.84,K0III,Car
113743,,23.110226,59.41976,4.84,B0.5IV,Cas
36328,,7.497615,-23.024287,4.85,A6Ib/II,Pup
15378,,3.312174,34.222653,4.85,K2II,Per
92855,,18.974378,-52.938629,4.85,A0V,Tel
14826,,3.198957,74.393659,4.85,A2Vnn,Cas
89640,,18.347795,3.377165,4.85,G8III,Oph
49571,,10.148957,-51.811261,4.85,B3IV,Vel
74608,,15.294136,-63.610465,4.85,K2.5III,Cir
87574,,17.946507,-44.342246,4.85,K2III,Sco
64202,,13.200901,-37.803022,4.85,G3V,Cen
42364,,8.661799,-29.561084,4.86,G5III,Pyx
101446,,20.626465,-61.529918,4.86,Fm delta Del,Pav
51659,,10.584878,75.712948,4.86,K0III,Dra
32352,,6.770595,59.44167,4.86,A3V,Lyn
71606,,14.694097,8.161764,4.86,G8IIIvar,Boo
64615,,13.286952,-66.783438,4.86,K2Ib/II,Mus
85567,,17.537767,55.172958,4.86,Am,Dra
91632,,18.738711,-35.641987,4.86,B2V,Sgr
2204,,0.465472,-33.007167,4.86,M2/M3III,Scl
108722,,22.094653,5.05853,4.86,K4III,Peg
79939,,16.368287,30.891996,4.86,K0III,CrB
94348,,19.259007,-25.256682,4.86,K0/K1III+..,Sgr
70104,,14.389638,8.446617,4.86,A0V,Boo
92471,Ainalrami,18.902827,-22.744834,4.86,K1II,Sgr
86469,,17.723833,-21.683194,4.86,F6/F7V,Oph
80876,,16.568061,-44.045315,4.86,B0Ia,Nor
15344,,3.30614,-22.511118,4.86,K0III,Eri
81249,,16.645794,48.928342,4.86,M2.5III,Her
34805,,7.220377,-45.182739,4.87,Ap,Pup
51830,,10.620481,-27.412634,4.87,M1III,Hya
15072,,3.24836,21.044441,4.87,A1V,Ari
52584,,10.780898,-64.383474,4.87,B3IV,Car
6397,Adhil,1.372337,45.528778,4.87,K0III-IV,And
19727,,4.239914,-10.256283,4.87,K3III,Eri
42543,,8.695371,-15.943384,4.87,K0IIICN...,Hya
106210,,21.579596,38.534054,4.87,K1III,Cyg
48422,,9.903425,-25.932345,4.87,K2III,Hya
43700,,8.925434,-27.681871,4.87,A3IV,Pyx
12062,,2.597909,5.593246,4.87,G8III,Cet
96981,,19.772707,-19.761113,4.87,K0III,Sgr
35315,,7.311216,-24.558701,4.88,O7f,CMa
87664,,17.963279,-41.716295,4.88,M0III,Sco
27741,,5.885245,-33.801361,4.88,B5V,Col
27399,,5.816935,24.567535,4.88,G8IIIvar,Tau
58309,,11.993796,-78.221839,4.88,B9Vn,Cha
96039,,19.586942,-48.099202,4.88,G9III,Tel
117875,,23.983482,55.754928,4.88,B1V...,Cas
91559,,18.725348,-8.275215,4.88,G8II,Sct
117841,,23.977883,-3.555983,4.88,G9III,Psc
82607,,16.93375,65.134796,4.88,F6Vvar,Dra
61767,,12.698071,10.235625,4.88,A0V,Vir
116934,,23.784284,58.651989,4.88,K1III,Cas
25475,,5.460579,21.936965,4.88,B2.5IV,Tau
94525,,19.293911,-18.952908,4.88,K0III,Sgr
63259,,13.004576,30.785021,4.88,K1IIIp,Com
11318,,2.432501,-12.29048,4.88,A0V,Cet
57678,,11.864237,-65.20591,4.89,B4V,Mus
69673,,14.303877,-81.00776,4.89,A2m...,Aps
57270,,11.775376,-40.500354,4.89,G3/G5V,Cen
85557,,17.536251,55.184243,4.89,Am...,Dra
83358,,17.089636,12.740828,4.89,A4IV,Her
62689,,12.888263,21.244943,4.89,G8III,Com
908,,0.187739,-15.467977,4.89,F5V,Cet
22400,,4.831846,37.488275,4.89,K4II,Per
115626,,23.500536,58.54892,4.89,B3IV,Cas
27442,,5.825814,12.651324,4.89,B9IV,Tau
51860,,10.625909,-13.384543,4.89,C,Hya
96811,,19.737943,37.354355,4.89,G8III,Cyg
37159,Jishui,7.65276,34.584346,4.89,F3III,Gem
25239,,5.412452,1.846445,4.89,B1V:pe,Ori
37800,,7.768736,18.510043,4.89,K5III,Gem
51375,,10.522775,-53.715484,4.89,F6V,Vel
102500,,20.8328,-33.779722,4.89,G8III,Mic
111489,,22.654355,39.050269,4.89,O9V,Lac
102459,,20.824709,-46.226826,4.9,K5III,Ind
6656,,1.427009,-14.598796,4.9,K2III,Cet
26820,,5.707953,1.474629,4.9,K1III,Ori
62487,,12.844769,-33.999302,4.9,B9V,Cen
33398,,6.960309,45.094094,4.9,A2Vn,Lyn
80442,,16.474422,-70.084401,4.9,F9V,TrA
3793,,0.813892,50.968168,4.9,B9III,Cas
78581,,16.09071,-19.80186,4.9,B2V,Sco
97368,,19.851141,22.610046,4.9,B2.5V,Vul
64378,,13.237578,-59.103235,4.9,F7IV,Cen
78416,,16.05672,-38.602541,4.9,B6III/IV,Lup
74376,,15.2437,-31.519121,4.91,F3III,Lup
112826,,22.920464,8.816166,4.91,A1V,Peg
34660,,7.194255,39.320549,4.91,K4II-III,Aur
61773,,12.699051,-59.685819,4.91,B6IV,Cru
12590,,2.704144,40.193944,4.91,F9V,Per
101365,,20.61212,-2.549957,4.91,K5II,Aql
83351,,17.088929,54.470042,4.91,F5,Dra
81474,,16.692884,-17.742167,4.91,G8II/III,Oph
23780,,5.124164,18.645052,4.91,G4V,Tau
97744,,19.927167,52.438948,4.91,A4Vn,Cyg
100775,,20.494167,-2.885531,4.91,K2III,Aql
21087,,4.531296,-0.044011,4.91,K3II-III,Eri
66048,,13.579943,37.182415,4.91,F2IV SB,CVn
51934,,10.643043,-16.876572,4.91,G8III,Hya
73246,,15.016208,-8.518943,4.91,B9.5V,Lib
34530,,7.170467,-4.237106,4.91,K0III,Mon
23307,,5.023772,-20.051918,4.91,B9V,Lep
30020,,6.333222,-2.944493,4.91,M1III,Ori
110961,,22.55001,-61.982122,4.91,M4III,Tuc
71878,,14.749778,-35.191826,4.92,A0V,Cen
89583,,18.338309,21.961297,4.92,M1III,Her
88451,,18.113858,-43.425216,4.92,A5V,CrA
60509,,12.440018,27.268237,4.92,F0p,Com
102057,,20.747919,25.270617,4.92,K2III,Vul
67267,,13.828564,21.264105,4.92,K4III,Boo
90548,,18.529287,-45.914814,4.92,B6IV,Tel
36444,,7.517911,82.411466,4.92,M4IIIa,Cam
65991,,13.56887,3.658967,4.92,A1p SrCrEu,Vir
75150,,15.403303,-10.322266,4.92,F5IV,Lib
28744,,6.083091,-16.484435,4.92,Ap shell,Lep
9042,,1.944499,-22.526785,4.92,K3III,Cet
54046,,11.088867,-27.293612,4.92,F3IV/V,Hya
45308,,9.2602,-38.569942,4.92,K1III,Vel
28503,,6.030673,-10.59793,4.92,B5III,Mon
92399,,18.887096,50.708221,4.92,G8III,Dra
30447,,6.414973,49.287893,4.92,K5Iabvar,Aur
33971,,7.064896,-49.58392,4.92,A4IV,Pup
102240,,20.786319,34.374123,4.93,K3IIIvar,Cyg
43812,,8.949562,-59.229338,4.93,B2IV-V,Car
19940,,4.287684,20.578591,4.93,A3m,Tau
96180,,19.614847,-7.027477,4.93,B0.5III,Aql
19465,,4.180708,-41.993573,4.93,A9V,Hor
47457,,9.704011,-23.915569,4.93,G0V,Hya
20203,,4.340178,34.566725,4.93,G8III,Per
98804,,20.1231,-52.880793,4.93,M1II,Tel
59665,,12.272372,23.945409,4.93,K0III,Com
98986,,20.157116,36.839621,4.93,B2.5V,Cyg
56816,,11.681568,-62.090101,4.93,G3Ib,Cen
99451,,20.242229,36.806302,4.93,A2V,Cyg
38969,,7.995598,-3.679583,4.93,K2III,Mon
62566,,12.861645,27.540712,4.93,G0III,Com
63300,,13.012125,56.366338,4.93,F2V,UMa
114577,,23.280817,-7.726504,4.93,M3III,Aqr
37502,,7.716788,58.71036,4.93,A3IVn,Lyn
23125,,4.987612,37.890245,4.93,A1V,Aur
69047,,14.18069,-16.30203,4.93,M1III,Vir
56113,,11.53789,-29.261022,4.93,F8V,Hya
72404,,14.850298,-2.29915,4.93,G8...,Lib
36836,,7.594365,-52.533836,4.93,K3III,Car
79135,,16.199997,-10.064253,4.93,A3IV,Sco
116706,,23.733189,29.361454,4.93,K0III,Peg
73768,,15.121682,24.869195,4.93,F5V,Boo
35628,,7.370425,-19.0166,4.94,B5II/III,CMa
33270,,6.937775,-48.721144,4.94,M1III,Pup
100812,,20.500983,48.951569,4.94,B2.5IV,Cyg
13871,,2.984356,35.183128,4.94,K2III,Per
50788,,10.402182,65.566423,4.94,A0sp...,UMa
43224,,8.8299,-45.307875,4.94,A2III,Vel
48478,Felis,9.914503,-19.00936,4.94,K5III,Hya
92987,,19.000229,32.145514,4.94,K3III,Lyr
109076,,22.169093,-32.548407,4.94,F6V,PsA
99423,,20.237949,15.197609,4.94,A2V,Aql
80406,,16.4664,68.768137,4.94,A0III,Dra
64335,,13.228597,40.152885,4.94,K0III,CVn
10256,,2.206191,30.303067,4.94,F5V comp SB,Tri
51348,,10.517242,-73.22149,4.94,K4/K5III,Car
39313,,8.058634,27.794332,4.94,K2III,Gem
63963,,13.150909,-23.11807,4.94,K0III,Hya
26671,,5.680754,-1.128787,4.95,B2IV-V,Ori
61191,,12.578902,70.02177,4.95,K2III,Dra
97757,,19.931045,38.486705,4.95,B5IV,Cyg
115376,,23.448876,1.255608,4.95,A0p,Psc
98298,,20.029093,-59.375893,4.95,M6III,Pav
79270,,16.224648,-54.630467,4.95,G4III,Nor
79580,,16.291791,75.75533,4.95,F5V,UMi
29361,,6.200911,16.130406,4.95,B5Vn,Ori
55779,,11.465622,2.856265,4.95,G8II-III,Leo
6228,,1.334699,58.231611,4.95,F0Ia,Cas
3407,,0.724466,47.024546,4.95,A5V,Cas
77971,,15.969825,-14.279358,4.95,B8Ia/Iab,Lib
112557,,22.867225,43.312417,4.95,M0III,Lac
116878,,23.773199,3.486811,4.95,C5II,Psc
18458,,3.957067,63.072264,4.95,B9.5V,Cam
88876,,18.19537,-23.701235,4.96,K0III,Sgr
27880,,5.914107,55.706947,4.96,A2V,Aur
78411,,16.05573,-25.86524,4.96,K3III,Sco
88382,,18.100528,22.218879,4.96,M3IIIa+...,Her
7803,,1.676337,40.577049,4.96,B8III,And
115225,,23.413959,62.282806,4.96,M1III,Cas
15609,,3.357381,43.329651,4.96,A3V,Per
88895,,18.198377,31.40535,4.96,M3III,Her
24762,,5.321278,22.096494,4.96,G8III,Tau
77944,,15.963196,54.749762,4.96,F0IV,Dra
67281,,13.831191,-18.134168,4.96,K0III,Vir
7903,,1.696383,42.613369,4.96,G2V,And
20825,,4.473992,16.359672,4.96,K2IIIvar,Tau
11888,,2.564085,-28.232343,4.96,B9V,For
83175,,17.052186,14.091947,4.97,M3III,Her
79548,,16.283593,-50.068122,4.97,F9Ia,Nor
76506,,15.67136,-23.818078,4.97,K3III,Lib
65515,,13.473837,13.778787,4.97,G5V,Vir
5849,,1.253043,-45.531664,4.97,F8V,Phe
18725,,4.021697,-61.078822,4.97,K4III,Ret
17271,,3.706291,33.965026,4.97,B0.5V,Per
27940,,5.924975,-37.120668,4.97,K1IIICN...,Col
116854,,23.767234,46.420276,4.97,G5Ib,And
50702,,10.382824,-66.901498,4.97,B8V,Car
116392,,23.663074,-14.222178,4.97,A7IV,Aqr
70530,,14.469564,-29.491638,4.97,B7/B8V,Hya
115944,,23.565884,31.325277,4.97,K4III,Peg
20200,,4.339227,27.350754,4.97,K1III,Tau
8990,,1.933337,68.685242,4.97,B8III,Cas
38426,,7.891616,26.765783,4.97,A3V,Gem
59988,,12.339161,3.312574,4.97,K1III,Vir
92659,,18.937401,4.202132,4.98,A5Vn,Ser
78256,,16.024047,29.851061,4.98,A0p...,CrB
89877,,18.398507,58.800736,4.98,A3V,Dra
13850,,2.979939,-64.071284,4.98,A5III,Hor
10030,,2.157036,25.939892,4.98,F2III,Ari
60558,,12.449805,26.825699,4.98,A4V,Com
26155,,5.587728,-5.387315,4.98,O7,Ori
37273,,7.673114,-15.26392,4.98,K3III,Pup
75811,,15.529718,40.899332,4.98,A5V,Boo
57523,,11.832395,-70.22579,4.98,G5Ib,Mus
26170,,5.589695,-5.41606,4.98,O9.5Vpe,Ori
23728,,5.111289,51.59772,4.98,F0V,Aur
42390,,8.667076,-12.475372,4.98,K3III,Hya
7984,,1.712086,-3.6902,4.98,K3II-III,Cet
94771,,19.342473,-5.415766,4.98,G8III-IV...,Aql
97762,,19.932051,58.845969,4.98,K5II-III,Cyg
53669,,11.012445,6.101449,4.98,A5III,Leo
114753,,23.316021,-9.61075,4.99,A0V,Aqr
17262,,3.704139,-31.938361,4.99,B5III,For
95077,,19.402105,29.621338,4.99,B3IV,Cyg
16108,,3.467517,49.062866,4.99,B5V,Per
21591,,4.64821,-12.123121,4.99,A0V,Eri
9485,,2.038359,54.487541,4.99,B8III,Per
355,,0.075033,-10.509523,4.99,K3Ibvar,Cet
78087,,15.991743,-41.744436,4.99,G8III,Lup
35941,,7.427471,9.276097,4.99,G8III,CMi
44531,,9.099546,5.092316,4.99,K2II-III,Hya
89071,,18.231545,64.397287,4.99,F5V,Dra
18441,,3.952303,61.108883,4.99,K3I-II,Cam
112928,,22.940555,49.733544,4.99,K5Ibvar,Lac
108943,,22.140537,-34.043841,4.99,K4III,PsA
66609,,13.695775,-54.559425,4.99,B8Vn+...,Cen
25079,,5.380556,3.544452,4.99,B1V,Ori
46637,,9.532428,11.299827,4.99,K0IIIvar,Leo
74977,,15.368975,-47.927792,4.99,F8V,Lup
44957,,9.184556,-44.867902,4.99,B5Ia,Vel
32758,,6.846097,41.78123,4.99,K3III,Aur
55395,,11.380442,43.482703,4.99,G8II,UMa
32769,,6.847876,-34.367318,4.99,K2/K3III,Pup
69167,,14.20439,2.409433,4.99,B9p Si,Vir
33882,,7.048549,-4.239231,4.99,B1V,Mon
98527,,20.072108,-32.056296,4.99,K1III/IV,Sgr
75083,,15.38675,30.287812,4.99,G2V,CrB
59674,,12.27504,33.061527,4.99,K1III,Com
40145,,8.222213,-15.788221,4.99,G5Ib/II,Pup
119059,,16.072774,-11.374611,5.0,F6 IV-V,Sco
35287,,7.308883,49.464756,5.0,A4IIIn,Lyn
88512,,18.12465,43.461891,5.0,G8III...,Her
95973,,19.57636,19.773403,5.0,B8IIIn,Vul
119259,,19.106847,-37.06474,5.0,F8 V,CrA
47072,,9.620185,6.835802,5.0,K1IIIvar,Leo
96986,,19.773777,33.727598,5.0,F5,Cyg
75777,,15.523619,77.349352,5.0,K5III,UMi
92554,,18.918649,-22.671328,5.0,K1Ib/II,Sgr
87788,,17.9848,-30.253025,5.0,K5/M0III,Sgr
18970,,4.074212,59.155507,5.0,F0II,Cam
55423,,11.386857,-36.164769,5.0,K4III,Cen
118562,,8.74494,-54.708074,5.0,,Vel
57003,,11.725332,-62.489396,5.0,F9Ia,Cen
28962,Elkurud,6.125453,-37.25292,5.0,B8:IV,Col
33258,,6.935179,-14.04343,5.0,B9.5V,CMa
93115,,19.023991,46.934812,5.0,A7V,Lyr
117754,,23.959727,-64.298231,5.0,A1V,Tuc
78804,Marsic,16.134591,17.04698,5.0,G8III,Her
25215,,5.407071,17.383534,5.0,F8V SB,Tau
29662,,6.262468,-13.718414,5.0,B9V,CMa
94195,,19.231987,57.705102,5.0,K2III,Dra
84575,,17.338575,18.057081,5.01,M2III,Her
97186,,19.816294,19.142042,5.01,A3V,Sge
41969,,8.578778,-49.944203,5.01,K1/K2II,Vel
23375,,5.03606,-26.275029,5.01,K1III,Lep
2213,,0.467475,17.893125,5.01,M3IIIvar,Psc
29846,,6.298563,61.515286,5.01,M3III,Lyn
46817,,9.56911,-51.255266,5.01,B1.5IV,Vel
56693,,11.658227,-65.397766,5.01,G2III + A,Mus
36326,,7.49688,27.916146,5.01,K2III,Gem
29280,,6.1875,-65.589417,5.01,M2.5III,Dor
38313,,7.871024,-34.705442,5.01,F3/F5V,Pup
60809,,12.501868,69.201123,5.01,M3IIIa,Dra
52274,,10.717789,69.076214,5.01,K3III,UMa
24448,,5.256777,32.6876,5.01,A9IV,Aur
60459,,12.43082,39.018616,5.01,G8III-IV,CVn
97947,,19.965842,-15.49149,5.01,A2V,Sgr
839,,0.172012,46.072272,5.01,F2II,And
59875,,12.316608,-55.143002,5.01,M1III,Cen
7703,,1.655835,44.386165,5.01,G8III...,And
86964,,17.824155,76.962881,5.02,F6IV-Vs,Dra
92764,,18.955688,-20.656346,5.02,B9.5Ib,Sgr
20849,,4.480601,13.047602,5.02,A7V,Tau
46747,,9.553461,-21.115722,5.02,K0III,Hya
95182,,19.421247,-24.508575,5.02,A4IV/V,Sgr
51486,,10.54913,-47.003353,5.02,K4III,Vel
86942,,17.817862,50.781075,5.02,A2V,Dra
53271,,10.928999,33.506929,5.02,K1III,UMa
91688,,18.747205,2.060038,5.02,B9V,Aql
107265,,21.795598,-30.898304,5.02,A1V,PsA
72573,,14.880855,-37.80316,5.02,B7II/III,Cen
89703,,18.359075,49.121593,5.02,M2III,Dra
74564,,15.284968,71.823901,5.02,K4III,UMi
67885,,13.942827,27.492082,5.02,K3IIIvar,Boo
25229,,5.410873,37.385346,5.02,K4III,Aur
91471,,18.710543,55.539457,5.03,B9.5p...,Dra
61225,,12.585489,18.377058,5.03,K2III,Com
9814,,2.109423,22.648317,5.03,A2m,Ari
53565,Chalawan,10.99112,40.430257,5.03,G0V,UMa
84413,,17.310275,10.864475,5.03,K4II-III,Oph
94966,,19.380888,-54.423931,5.03,A0Vn,Tel
28604,,6.054333,-26.284544,5.03,K3II/IIICNv,Lep
82253,,16.862573,24.656433,5.03,K2II-III,Her
83081,,17.03129,-32.143519,5.03,B8V,Sco
66591,,13.693549,-8.702984,5.03,M2III,Vir
95638,,19.511066,-2.788887,5.03,M1IIIvar,Aql
102868,,20.909344,28.057621,5.03,K4III,Vul
35131,,7.280392,-36.592633,5.03,B3V,Pup
69396,,14.249208,-57.086126,5.03,B4Vne,Cen
22426,,4.83656,-16.217159,5.03,K0III,Eri
97324,,19.843813,52.988001,5.03,K3IIIvar,Cyg
41521,,8.490968,-44.724812,5.03,B+...,Vel
37783,,7.765797,-14.563805,5.03,F2V,Pup
37194,,7.657942,17.674519,5.04,M0III,Gem
58730,,12.079616,-76.519061,5.04,K4III,Cha
106369,,21.615827,40.413521,5.04,A5V,Cyg
64203,,13.200984,-16.198601,5.04,F6V,Vir
108190,,21.987518,73.179896,5.04,F5V,Cep
35749,,7.391254,25.050531,5.04,G8III,Gem
74746,,15.321888,1.765408,5.04,F8III-IV,Ser
28253,,5.984531,-9.55825,5.04,A6m,Mon
65604,,13.490348,-51.165134,5.04,A0V,Cen
8226,,1.768392,-53.522037,5.04,A1V,Eri
74549,,15.282471,-60.957255,5.04,O8.5V,Cir
21808,,4.700965,-37.144297,5.04,F3V,Cae
37498,,7.715865,-45.173118,5.04,G5IV,Pup
32088,,6.718051,44.52445,5.04,K5III,Aur
104848,,21.307551,43.945945,5.04,O8,Cyg
28919,,6.117604,-62.154581,5.04,K2/K3III,Pic
29727,,6.274061,12.272163,5.04,F5IV-V,Ori
183,,0.038867,-29.720414,5.04,B4V,Scl
75742,,15.515488,40.833047,5.04,K5III,Boo
111359,Situla,22.629273,-4.228056,5.04,K2III,Aqr
5306,,1.133559,43.942092,5.04,A3m,And
15181,,3.270057,50.937664,5.04,G5II,Per
65263,,13.418694,-74.887818,5.04,K0III,Mus
39578,,8.111206,-45.266015,5.04,K3III,Vel
77575,,15.888905,-20.16704,5.04,B3V,Lib
42311,,8.652198,-22.661875,5.05,G3/G5V,Pyx
23594,,5.082776,-49.577837,5.05,M2IIIvar,Pic
117004,,23.798543,67.806808,5.05,A1Vn,Cep
113986,,23.158738,8.677161,5.05,M4Sv,Peg
88469,,18.117097,30.56214,5.05,F7V,Her
109210,,22.191828,59.414488,5.05,O6e,Cep
15405,,3.318787,50.094966,5.05,B5V,Per
114864,,23.339051,5.381307,5.05,K2III,Psc
37285,,7.675295,87.020091,5.05,M2III,Cep
31685,,6.643787,-48.220183,5.05,G8III,Pup
24819,,5.333589,33.958054,5.05,A5IIvar,Aur
17809,Pleione,3.819782,24.136712,5.05,B7p,Tau
96519,,19.680601,45.524942,5.06,F5II,Cyg
24984,,5.362849,-24.772981,5.06,A2/A3,Lep
70025,,14.373108,-80.108945,5.06,B4V,Aps
102513,,20.834695,44.059304,5.06,A4me...,Cyg
83776,,17.178425,-44.557719,5.06,G8/K0III+..,Sco
49344,,10.103115,-47.369995,5.06,K0IV,Vel
102619,,20.858347,-51.608179,5.06,K1II/III,Ind
30699,,6.465992,-4.762154,5.06,B2V,Mon
117350,,23.874802,19.120287,5.06,M2III,Peg
104417,,21.222351,-70.126267,5.06,M2III,Pav
24446,,5.25677,-26.943509,5.06,B9V,Lep
53682,,11.014009,39.212092,5.06,Am,UMa
40565,,8.305219,-65.613192,5.06,K1III,Vol
17254,,3.702594,63.216806,5.06,S5.3 SB:,Cam
98260,,20.022655,50.104695,5.06,K1II-III,Cyg
96643,,19.708648,-16.123996,5.06,F3IV/V,Sgr
29344,,6.197726,-6.550287,5.06,B2V,Mon
29061,,6.145643,-68.843409,5.06,B8V,Dor
36711,,7.571839,-23.473661,5.06,F6V,Pup
101540,,20.642198,24.115958,5.06,B5IV,Vul
3802,,0.816308,16.940644,5.07,F8V...,Psc
21008,,4.513916,-44.953749,5.07,B2IV-V,Cae
48300,,9.875121,-8.10503,5.07,A2V,Sex
36290,,7.489012,28.118275,5.07,A4V,Gem
21674,,4.66519,53.079535,5.07,K0III SB,Cam
25219,,5.40803,-0.891328,5.07,K0III,Ori
83690,,17.159238,40.777033,5.07,K3III,Her
14917,,3.212899,-1.196101,5.07,F8V,Cet
108671,,22.085775,62.279814,5.07,O9.5Ib,Cep
107420,,21.830748,30.174215,5.07,A1Vs,Peg
46795,,9.564857,-80.941258,5.07,B5V,Cha
119135,,17.255734,-26.603215,5.07,K1 Ve,Oph
90571,,18.533874,-45.757382,5.07,B3III,Tel
37902,,7.790276,-38.511145,5.07,B2IV/V,Pup
101587,,20.652161,10.086203,5.07,G5IV+...,Del
69193,,14.212785,-27.261186,5.07,K2III,Hya
85544,,17.532745,68.135024,5.07,K0III,Dra
33471,,6.973638,-34.111708,5.07,B4IV/V,Pup
81046,,16.603812,52.924422,5.07,B9V,Dra
46641,,9.53266,9.715767,5.07,K3III,Leo
51626,,10.580004,6.953749,5.07,G8II-III,Leo
93572,,19.116279,11.071228,5.07,B8III,Aql
47318,,9.671768,-14.332292,5.07,B4IV/V,Hya
34815,,7.222854,16.158966,5.07,K3V,Gem
2572,,0.545512,-63.0315,5.07,A0V,Tuc
56076,,11.529464,-59.442061,5.07,G0Ia,Cen
55433,,11.389415,-18.779973,5.08,F3IV,Crt
2848,,0.602306,54.16845,5.08,B7III,Cas
47977,,9.80981,46.021008,5.08,G2V,UMa
21620,,4.65256,15.799846,5.08,A4m,Tau
29198,,6.170632,-74.753045,5.08,G5V,Men
98764,,20.114835,23.614425,5.08,B3V,Vul
111182,,22.596077,73.643188,5.08,F3III-IV,Cep
41365,,8.46017,-53.08848,5.08,A9/F0III/IV,Vel
92524,,18.911976,-15.603036,5.08,B3II,Sct
72901,,14.945554,-62.781016,5.08,B4Vnp,Cir
25047,,5.376036,79.231149,5.08,F6V,Cam
25477,,5.460802,34.475892,5.08,K4IIIp,Aur
62805,,12.910251,-57.16867,5.08,B5Vne,Cru
51290,,10.504855,-0.637026,5.08,B6V,Sex
38758,,7.955118,-44.109859,5.08,B2.5IV,Pup
52306,,10.7236,23.188404,5.08,A3Vn,LMi
22512,,4.856239,18.839861,5.08,A7IV-V,Tau
107693,,21.888268,-13.551768,5.08,F3IV,Cap
100555,,20.455336,-18.211721,5.08,B4V,Cap
17729,,3.804519,11.143294,5.08,B3V,Tau
51763,,10.605706,-59.564392,5.08,K1III,Car
51569,,10.566912,-23.745165,5.08,K5III,Hya
32472,,6.793673,-8.998503,5.08,M1II,Mon
98604,,20.08597,19.991071,5.09,K2III,Sge
35601,,7.365795,20.443658,5.09,M0III,Gem
77424,,15.854331,-3.090497,5.09,A3Vn,Ser
31201,,6.560534,-1.220154,5.09,B5Vn,Mon
36013,,7.439403,-51.018481,5.09,K0III,Car
16251,,3.500057,55.451808,5.09,A1V,Cam
3773,,0.809777,-74.923438,5.09,K5III,Hyi
86924,,17.813652,25.622869,5.09,K2III,Her
43290,,8.842628,-46.529187,5.09,B0III,Vel
55432,,11.389283,-64.954714,5.09,B5,Mus
23211,,5.005755,81.194088,5.09,K3III,Cep
38913,,7.984921,-23.310396,5.09,G8II,Pup
113428,,23.043436,42.757795,5.09,A3Vn,And
109912,,22.333754,-80.439747,5.09,M6III,Oct
107679,,21.88438,25.92514,5.09,B3V,Peg
59637,,12.266719,14.899071,5.09,A3V,Com
116653,,23.722878,10.331536,5.09,M2III,Peg
9091,,1.955848,17.817532,5.09,K1p...,Ari
115079,,23.384602,12.31391,5.09,K3III,Peg
46150,,9.438324,-53.378909,5.09,B6V,Vel
89759,,18.371828,-38.656894,5.09,K4/K5III,CrA
48088,,9.832541,-45.732736,5.09,B7III,Vel
79062,,16.18391,-29.41622,5.09,K0III,Sco
108756,,22.100543,45.014348,5.09,K5III,Lac
47829,,9.775462,57.12807,5.09,M3III,UMa
40206,,8.232865,-36.322281,5.09,B2V:,Pup
106656,,21.669749,43.273839,5.09,M1IIIvar,Cyg
117321,,23.868518,-82.018818,5.1,G7III,Oct
88621,,18.148018,20.045233,5.1,A8III,Her
57440,,11.812524,-26.749777,5.1,M4III,Hya
113201,,23.001417,56.945374,5.1,G0Ia,Cas
106601,,21.65924,2.243558,5.1,K0III,Aqr
13741,,2.954801,31.934219,5.1,B9p...,Per
84903,,17.403636,-44.162576,5.1,B7III,Sco
107039,,21.750071,-9.082428,5.1,G8II-III,Cap
94590,,19.309026,1.085129,5.1,K2II-IIIvar,Aql
19412,,4.167439,80.698681,5.1,G8III+...,Cep
70177,,14.403151,5.820131,5.1,A5V,Vir
20470,,4.397729,9.460968,5.1,A3V,Tau
64598,,13.281425,-31.506196,5.1,K0III,Cen
78244,,16.020644,17.818397,5.1,G8III,Her
27465,,5.831539,-66.901187,5.1,B6V,Dor
81878,,16.777779,-67.109691,5.1,Ap,TrA
15698,,3.379234,20.742069,5.1,K3III,Ari
109627,,22.274045,-41.627225,5.11,G8III,Gru
33017,,6.895068,68.888309,5.11,B7III,Cam
35309,,7.310607,-36.742735,5.11,A0V,Pup
6946,,1.49337,-21.629339,5.11,A0V,Cet
107972,,21.944207,63.625557,5.11,M2 comp,Cep
111888,,22.734856,41.819235,5.11,K0III,Lac
18168,,3.894151,-34.732297,5.11,B6/B7V,Eri
48693,,9.96141,41.055633,5.11,F6Vs,LMi
111443,,22.64386,56.795632,5.11,M4III,Lac
54302,,11.142778,-61.947175,5.11,B9Ia,Car
102362,,20.808084,-43.988544,5.11,F1IV,Mic
23886,,5.145472,-4.456207,5.11,F2V,Eri
93788,,19.152716,76.560502,5.11,A9V,Dra
89912,,18.40383,39.507239,5.11,A3IVn,Lyr
65330,,13.435483,-39.755107,5.11,Kp...,Cen
77746,,15.924891,-68.603001,5.11,G6VII,TrA
91589,,18.729706,-38.323441,5.11,A0/A1V,CrA
101654,,20.667347,-60.548892,5.11,F8V,Pav
37557,,7.728307,-40.933746,5.12,K1III,Pup
14206,,3.060239,-59.737775,5.12,F0IV,Hor
56083,,11.530223,-59.515648,5.12,A3Ia,Cen
95652,,19.51261,27.965276,5.12,B8V,Cyg
34578,,7.179858,-48.932098,5.12,K2III,Pup
53107,,10.892911,54.585128,5.12,K3III,UMa
97365,,19.850456,10.415727,5.12,F8V,Aql
52202,,10.69908,65.71628,5.12,K2IIIvar,UMa
90823,,18.583998,-10.977206,5.12,G8III,Sct
101151,,20.565297,-44.516048,5.12,K0III,Mic
62161,,12.777433,16.577691,5.12,K3III,Com
23739,,5.112681,-4.655163,5.12,B9.5V,Eri
96026,,19.585349,-10.560444,5.12,G8III,Aql
90524,,18.523971,-18.402697,5.12,B9/B9.5V,Sgr
89657,,18.350283,28.869954,5.12,A7V,Her
38264,,7.861663,1.766868,5.12,B8II,CMi
8863,,1.906122,-42.49695,5.12,A3V,Phe
113500,,23.05828,-34.749412,5.12,A9V,PsA
61275,,12.595987,-41.021945,5.12,A7III,Cen
86529,Cervantes,17.735752,-51.834053,5.12,G5V,Ara
35611,,7.367397,36.760584,5.12,K0III,Aur
46780,,9.562374,-49.005072,5.12,B4IV,Vel
110045,,22.35988,-21.59823,5.12,K0III,Aqr
45374,,9.273066,-44.265735,5.12,K3Ib,Vel
94007,,19.194597,56.859213,5.13,G8III,Dra
117866,,23.982155,-52.745807,5.13,K1III,Phe
68818,,14.132154,43.854452,5.13,M4.2III,Boo
73598,,15.088656,-41.067236,5.13,G8III,Lup
84629,,17.348391,24.499435,5.13,A2V,Her
6048,,1.296654,3.614466,5.13,A3V,Psc
56163,,11.54837,-31.087226,5.13,M1/M2III,Hya
41209,,8.43188,7.564506,5.13,G8II,Cnc
40728,,8.334406,27.217707,5.13,F6V,Cnc
79412,,16.254257,-47.372021,5.13,B8V,Nor
11449,,2.467139,-33.811039,5.13,A2/A3V,For
103708,,21.078621,-77.023767,5.13,F4III,Oct
1156,,0.241008,-7.780532,5.13,M3IIIvar,Cet
15851,,3.411267,64.585996,5.13,M0II,Cam
26156,,5.587907,-5.389696,5.13,O6pe,Ori
76027,,15.577033,-28.046983,5.13,K2/K3III,Lib
145,,0.030402,-3.027504,5.13,B7III-IV,Psc
101826,,20.699186,-66.760682,5.14,B8Vvar,Pav
77869,,15.948193,-33.966134,5.14,A3V,Lup
69789,,14.325689,-2.265518,5.14,G9III,Vir
5786,,1.240011,-7.922826,5.14,F5V,Cet
32778,,6.849191,67.571934,5.14,B4IV,Cam
38807,,7.964368,-45.577669,5.14,K2III,Pup
16281,,3.506797,11.336442,5.14,A0Vn,Tau
52590,,10.782634,-56.757192,5.14,B8/B9III,Vel
55833,,11.476413,-42.674203,5.14,B9V,Cen
95202,,19.424611,19.798365,5.14,K0III,Vul
94182,,19.228529,2.293707,5.14,B8II-III,Aql
59322,,12.203311,77.616241,5.14,A5m,Cam
56487,,11.616852,-61.283442,5.14,K1III,Cen
92870,,18.976812,-60.20055,5.14,K1III-IV,Pav
33944,,7.060576,10.951817,5.14,K3III,Gem
2894,,0.612903,44.488587,5.14,K5III,And
36982,,7.621303,-4.110979,5.14,F6III,Mon
99799,,20.310853,34.982775,5.14,F5Ib,Cyg
25365,,5.438687,-58.91252,5.14,G6III,Dor
34017,,7.071757,-56.749724,5.14,A0p:,Car
76075,,15.587476,39.010067,5.14,M2III,CrB
40170,,8.22671,-46.991628,5.14,B2.5IV,Vel
64701,,13.304034,49.682062,5.14,A0V,CVn
84368,,17.300189,-24.286901,5.14,K:...,Oph
28620,,6.057602,19.690561,5.14,B8V,Ori
32679,,6.831838,-46.61456,5.14,F5III,Pup
39456,,8.08458,13.118215,5.14,A1V,Cnc
37908,,7.791757,33.415697,5.14,M0III,Gem
33692,,7.014303,-51.402585,5.14,M1III,Car
17844,,3.825748,33.091382,5.14,A3V,Per
97559,,19.88816,57.523482,5.14,B5V,Cyg
60036,,12.348809,-13.565724,5.14,K0III,Crv
114158,,23.195608,8.720116,5.15,A5Vn,Peg
42715,,8.727854,-49.822802,5.15,B0IIIn,Vel
72377,,14.844773,-15.997237,5.15,F3V,Lib
54201,,11.121308,-42.638681,5.15,Ap SrCrEu,Cen
75532,,15.477288,1.842081,5.15,A8IV,Ser
63875,,13.131614,-10.740408,5.15,K2III,Vir
47519,,9.715895,72.252618,5.15,K0III,UMa
101655,,20.667485,-18.138659,5.15,M1III,Cap
5532,,1.185213,31.424736,5.15,F0V,Psc
43408,,8.865787,43.726603,5.15,K0III,Lyn
37838,,7.777577,37.517394,5.15,M3III,Lyn
49942,,10.225184,-66.372811,5.15,Am,Car
71971,,14.766691,-25.443181,5.15,F0V + G/K,Hya
98114,,19.998665,37.042885,5.15,B3IV,Cyg
67032,,13.78232,-36.251933,5.15,A0V,Cen
101607,,20.656914,0.486445,5.15,K1III,Aqr
81823,,16.763859,8.582616,5.15,K5III,Her
44728,,9.139867,66.873235,5.15,K5III,UMa
11756,,2.535045,36.147271,5.15,K5III,Tri
74377,,15.243926,67.346722,5.15,F9IV,UMi
60135,,12.368713,-67.522105,5.15,Am,Mus
56585,,11.635371,-61.826563,5.15,B9IV,Cen
29822,,6.294923,-16.815908,5.15,K1III,CMa
74479,,15.267785,-41.491155,5.15,F:+...,Lup
102200,,20.777462,16.124134,5.15,A2Ia+...,Del
9439,,2.02844,-44.713509,5.15,K5III,Phe
58628,,12.060973,-42.434056,5.15,F6V,Cen
15366,,3.310482,50.222174,5.16,B3V,Per
105229,,21.381559,6.81114,5.16,A3V,Equ
38273,,7.862862,-13.898029,5.16,G2V,Pup
112575,,22.873353,9.835664,5.16,F7IV,Peg
31010,,6.523068,-12.391953,5.16,K1III,CMa
1682,,0.352017,37.968603,5.16,F5III,And
76011,,15.574032,-9.183416,5.16,B6IV,Lib
11034,,2.372621,55.845653,5.16,A2Ia,Per
106752,,21.692462,-14.047611,5.16,G2V,Cap
27552,,5.848117,-52.108873,5.16,G8III,Pic
73548,,15.08003,-64.03135,5.16,G8III,Cir
67713,,13.911707,-1.503125,5.16,K2III,Vir
40314,,8.254427,-62.915643,5.16,A+...,Car
51665,,10.586017,57.082637,5.16,F1V,UMa
75301,,15.429832,15.428036,5.16,M1III,Ser
13683,,2.943729,-3.71232,5.16,A3Vn,Eri
90605,,18.539257,-39.704001,5.16,A3V,CrA
44819,Nahn,9.155982,22.045446,5.16,K0III,Cnc
2375,,0.506293,-23.78768,5.17,A3V,Cet
95152,,19.416164,11.944415,5.17,G8IVvar,Aql
87292,,17.888341,40.007959,5.17,K3III,Her
44016,,8.990078,-59.083712,5.17,F3V,Car
60328,,12.405146,26.098606,5.17,A3V,Com
43966,,8.981216,-47.234688,5.17,Am,Vel
96156,,19.610555,44.694936,5.17,K0III,Cyg
20455,,4.394681,-3.74547,5.17,A2V,Eri
93520,,19.10554,-52.34091,5.17,F7V,Tel
5325,,1.137477,54.92034,5.17,G5Vp,Cas
104625,,21.260528,-20.651696,5.17,K0II/III,Cap
103750,,21.08729,-54.727042,5.17,K2III,Ind
58973,,12.130565,-75.367019,5.17,K2II/III,Mus
3899,,0.835443,-10.644326,5.17,F7IV-V,Cet
117262,,23.855927,-18.909163,5.17,Ap Si,Aqr
12241,,2.633909,72.818252,5.17,G8III,Cas
12799,,2.749328,12.445761,5.17,A7III-IV,Ari
38103,,7.828111,-17.228408,5.17,K3III,Pup
61717,,12.687765,-13.013901,5.17,F3IV,Crv
58014,,11.933599,-17.150829,5.17,A0V,Crt
118869,,13.166389,17.528977,5.17,F5 V,Com
63008,,12.951212,-51.198752,5.17,B8V,Cen
95260,,19.435868,36.317896,5.17,B9sp...,Cyg
8001,,1.715493,70.622526,5.18,B9V,Cas
69151,,14.201122,69.432548,5.18,M2III,UMi
45201,,9.239041,61.423318,5.18,F9V,UMa
26575,,5.662277,25.897091,5.18,B3IV,Tau
22780,,4.913027,11.426006,5.18,A3V,Ori
27138,,5.766637,-32.306435,5.18,B1IV/V,Col
33595,,6.997378,-67.916443,5.18,K3III,Vol
52318,,10.725822,46.203877,5.18,F5III,UMa
106887,,21.717806,72.320084,5.18,K0III,Cep
100934,,20.525112,74.954619,5.18,A0p...,Dra
99534,,20.2584,23.508906,5.18,G2Ib SB,Vul
96359,,19.653234,5.397773,5.18,B3V + B3V,Aql
24140,,5.194879,16.045673,5.18,K5III,Ori
97319,,19.842776,38.722419,5.18,M2IIIa,Cyg
42385,,8.666002,-53.054729,5.18,B4IV,Vel
41179,,8.42537,-51.727415,5.18,B2V,Vel
40828,,8.355846,-36.484177,5.18,B2IV-V+...,Pup
116948,,23.787776,-50.226461,5.18,B3V,Phe
25853,,5.531318,-76.340964,5.18,K4III,Men
55613,,11.428717,-63.972475,5.18,F7V,Cen
1704,,0.358665,-28.981469,5.18,K0III,Scl
54974,,11.288167,2.010556,5.18,M0III comp,Leo
2220,,0.470454,44.394452,5.18,A2Vs,And
72809,,14.926287,-60.114164,5.18,K1III,Cir
92356,,18.877675,-52.10737,5.18,G8/K0III,Tel
19123,,4.110114,27.599903,5.18,B9p Si,Tau
35853,,7.411163,-16.201473,5.18,B2Vne,CMa
11193,,2.406919,50.006546,5.19,G8III,And
51217,,10.491306,-2.739078,5.19,B9.5V,Sex
80629,,16.513713,-61.633503,5.19,K0II/IIICN.,TrA
115040,,23.377547,-15.039338,5.19,A3V,Aqr
23785,,5.126116,-63.399679,5.19,M3III,Dor
28673,,6.070417,-6.708941,5.19,B2Vne+,Mon
56414,,11.600744,69.322952,5.19,K0III,Dra
104930,,21.322838,64.871855,5.19,B3IVe,Cep
30644,,6.453823,0.299246,5.19,K1II,Mon
64587,,13.279588,9.424156,5.19,G0Vs,Vir
77041,,15.777772,62.599557,5.19,A2IV,Dra
85053,,17.433344,-50.63351,5.19,K1III,Ara
38960,,7.993762,-60.587061,5.19,M0II,Car
42306,,8.651428,-70.386745,5.19,A0V,Vol
111445,,22.644182,63.584472,5.19,A3IV,Cep
11046,,2.375704,-23.816326,5.19,G2V,For
73717,,15.110444,-16.256818,5.19,K5III,Lib
43229,,8.830972,-32.780525,5.19,G8III,Pyx
102962,,20.926858,13.721536,5.19,K0III,Del
99419,,20.237369,28.694817,5.19,A7IVn,Vul
63698,,13.095678,35.798899,5.2,B9V,CVn
27902,,5.916063,59.888367,5.2,A2V,Cam
56876,,11.695541,-32.499404,5.2,K5III,Hya
2756,,0.587466,-3.592846,5.2,F8V...,Cet
33993,,7.067444,-42.33728,5.2,Am,Pup
21243,,4.569897,-8.231352,5.2,M3III,Eri
60003,,12.34268,-22.215901,5.2,B8V,Crv
103879,,21.114794,38.749415,5.2,K5V,Cyg
68051,,13.975319,-24.972249,5.2,B8V,Hya
32019,,6.706757,17.645303,5.2,A2V,Gem
33839,,7.040217,24.215446,5.2,G5II,Gem
19899,,4.278638,53.611799,5.2,A2Vn,Cam
42560,,8.699142,-45.410714,5.2,B5Iab,Vel
103839,,21.106855,-32.341618,5.2,K2III,Mic
92725,,18.950441,32.901273,5.2,G0V,Lyr
29577,,6.247467,19.156448,5.2,F6V,Ori
114764,,23.318518,-13.458552,5.2,G6/G8IV,Aqr
91939,,18.795726,-40.406167,5.2,G5/G6III,CrA
93622,,19.123769,32.501738,5.2,F0V,Lyr
79955,,16.372618,33.799052,5.2,M2III,CrB
30859,,6.491255,-56.852766,5.2,K0III,Pic
36136,,7.462324,21.445247,5.2,F5IV-V...,Gem
90162,,18.453475,0.196108,5.2,G0III+...,Ser
2349,,0.502045,29.751557,5.2,A7III,And
42421,,8.671996,-40.263875,5.2,Ap (SiCr),Vel
35053,,7.265267,59.637467,5.2,K2III,Lyn
39848,,8.159977,-44.122773,5.2,B2IV-V,Vel
5289,,1.129957,-41.486916,5.21,A3V,Phe
84820,,17.387799,-47.468197,5.21,B2IIIne,Ara
111099,,22.57823,-20.708216,5.21,F7V,Aqr
30606,,6.44691,58.417409,5.21,K4III,Lyn
64520,,13.266322,-19.943103,5.21,K1III,Vir
19157,,4.116795,29.001299,5.21,F1V,Tau
5725,Revati,1.228857,7.575354,5.21,A7IV,Psc
55590,,11.424852,-36.063062,5.21,K0III,Cen
65890,,13.549465,-10.165,5.21,K0III,Vir
77342,,15.838207,2.196509,5.21,G8III,Ser
28224,,5.980437,0.552979,5.21,A1Vs,Ori
30384,,6.402867,-11.530088,5.21,K3III,CMa
12451,,2.677666,-54.549911,5.21,F4IV,Hor
31979,,6.698996,-9.167537,5.21,M0III,Mon
58509,,12.035239,43.0456,5.22,A7m,UMa
9741,,2.092103,76.11506,5.22,G8III,Cas
21494,,4.626703,-2.473548,5.22,F0V,Eri
23679,,5.102349,58.972372,5.22,B2.5Ve,Cam
31045,,6.530083,11.544412,5.22,A3V,Mon
55664,,11.443174,-61.115167,5.22,B3IV,Cen
98272,,20.024594,64.820974,5.22,M1III,Dra
69813,,14.331002,-61.272972,5.22,Am,Cen
72064,,14.783694,-52.383518,5.22,G6III,Lup
13840,,2.978355,-2.782877,5.22,A2IV,Eri
62074,,12.760294,7.673326,5.22,A8m,Vir
38951,,7.991217,-39.296944,5.22,F3V,Pup
94965,,19.380801,26.262403,5.22,B6III,Vul
115711,Veritate,23.52149,39.236198,5.22,K0III,And
54607,,11.212568,-64.16977,5.22,B9V,Car
105752,,21.490816,46.540585,5.22,K0III,Cyg
19749,,4.243398,10.011406,5.22,B9Vn,Tau
43844,,8.954152,15.322762,5.22,A5III,Cnc
92102,,18.827807,-20.324656,5.22,K2III,Sgr
36163,,7.467243,6.941968,5.22,F0III,CMi
24987,,5.363448,41.804572,5.22,B5V,Aur
3497,,0.745666,-22.006135,5.22,F0V,Cet
32476,,6.794327,48.789476,5.22,K1III,Aur
81965,,16.796227,5.246746,5.22,B9p (Cr),Her
37912,,7.792085,-46.60849,5.22,B1V,Pup
92117,,18.831366,32.551058,5.22,A3V,Lyr
33790,,7.032329,-5.722065,5.22,M2III,Mon
93773,,19.149976,6.073207,5.23,F0III-IV,Aql
98324,,20.03373,24.938043,5.23,F2III,Vul
43709,,8.927689,27.927481,5.23,G8II-III,Cnc
82242,,16.859367,-41.230534,5.23,O9e,Sco
35809,,7.402352,40.672389,5.23,K0III,Aur
32207,,6.741241,-31.070523,5.23,B2V,CMa
82478,,16.909915,-6.153982,5.23,K2III,Oph
14420,,3.109303,-6.088555,5.23,M3III,Eri
6301,,1.352047,28.738207,5.23,K5III,Psc
79366,,16.24469,33.858613,5.23,F8V,CrB
10282,,2.213355,21.210993,5.23,F5V,Ari
44209,,9.029046,-52.188685,5.23,Ap Si,Vel
39857,,8.161988,-47.937193,5.23,B1IVe,Vel
85773,,17.58317,61.874554,5.23,G0V,Dra
48786,,9.981191,-35.890973,5.23,A8IV,Ant
76702,,15.710645,-37.424935,5.23,G8/K0III,Lup
44027,,8.992405,32.418559,5.23,G9III,Cnc
62876,Taiyi,12.924598,65.438474,5.23,A5n,Dra
52549,,10.774889,-64.263242,5.23,B7IV,Car
53098,,10.891536,-20.138731,5.23,F6V,Hya
44670,,9.129115,10.668191,5.23,B8IIIMNp,Cnc
72131,,14.795779,-26.0875,5.23,G8/K0III,Hya
80377,,16.462071,-7.597929,5.24,M2 comp,Oph
15333,,3.303309,-62.506363,5.24,G1V,Ret
112170,,22.792535,-19.613375,5.24,G8III,Aqr
89921,,18.405067,-44.110256,5.24,B2.5Vn,CrA
79300,,16.230807,-11.837747,5.24,K3III,Sco
17912,,3.838593,25.579362,5.24,A2V,Tau
116722,,23.736688,-18.276938,5.24,B9V,Aqr
14009,,3.014501,52.351744,5.24,B7V,Per
948,,0.195552,-35.133119,5.24,F3/F5V,Scl
17675,,3.794347,-23.874677,5.24,A1V,Eri
64144,,13.189789,-43.368553,5.24,K1/K2III,Cen
119195,,18.051202,-8.181708,5.24,dF3   J,Oph
7966,,1.70827,20.268504,5.24,K1V,Psc
73681,,15.104638,54.556318,5.24,G8III,Boo
56610,,11.641002,8.134298,5.24,M4III,Vir
17415,,3.741808,-1.163091,5.24,B7V,Eri
16762,,3.604837,-17.467064,5.24,B8/B9III,Eri
80598,,16.50932,20.479188,5.24,G8p,Her
3939,,0.844768,-50.986816,5.24,F2III,Phe
106785,,21.700192,-23.262858,5.24,K0III,Cap
20334,,4.364796,-63.386391,5.24,G7III,Ret
32394,,6.778983,43.577427,5.24,G0V,Aur
21244,,4.569936,-8.970258,5.24,K4III,Eri
35295,,7.309309,-39.210285,5.24,A0V,Pup
42215,,8.631154,-26.255,5.24,A0V,Pyx
109226,,22.196848,56.839357,5.24,F8V,Cep
25134,,5.391065,57.544395,5.24,A0Vn,Cam
45396,,9.27826,-6.353144,5.24,K2III,Hya
45212,,9.240136,-43.227493,5.24,B4V+...,Vel
103240,,20.984753,4.29461,5.24,G0V,Equ
26203,,5.594301,-4.856067,5.24,F0III,Ori
101594,,20.654533,-14.95476,5.24,B7III,Cap
36537,,7.534986,1.914481,5.24,F0III,CMi
97863,,19.951749,-58.901351,5.24,B9.5IV,Pav
88057,,18.039736,20.833632,5.25,B3IV,Her
89788,,18.380288,17.826616,5.25,K3III,Her
111678,,22.691292,40.225449,5.25,B2IIIv SB,Lac
86040,,17.634871,-54.500434,5.25,A7V,Ara
25139,,5.39171,-13.927352,5.25,B2IV,Lep
10535,,2.265635,33.358895,5.25,A0V,Tri
93608,,19.121703,36.100157,5.25,B6IV,Lyr
51354,,10.518048,82.558587,5.25,F2V,Cam
37813,,7.771167,10.768252,5.25,A1Vnn,CMi
7940,,1.702389,-32.32697,5.25,K1II/III,Scl
91769,,18.762989,74.085553,5.25,K0II-III,Dra
39376,,8.071164,-32.674829,5.25,M2II,Pup
31088,,6.539271,-37.696702,5.25,G8III,Col
13108,,2.817062,-62.806521,5.25,A2V,Hor
50272,,10.293834,-8.068914,5.25,F2III,Sex
31608,,6.629891,-32.339735,5.25,K1III,CMa
104400,,21.21751,-39.424922,5.25,F5V,Mic
76299,,15.630441,40.353433,5.25,G8III-IV,Boo
113504,,23.059128,67.20921,5.25,K3III,Cep
14257,,3.071254,-7.600857,5.26,A8V,Eri
79919,,16.363536,69.109391,5.26,K2III,Dra
45196,,9.238335,-55.569629,5.26,G8II/III,Vel
56805,,11.679742,21.35273,5.26,K1III,Leo
45500,,9.301633,-51.050859,5.26,B7/B8III,Vel
48743,,9.970382,12.4448,5.26,B9IV,Leo
108578,,22.064709,63.11992,5.26,M5III,Cep
13132,,2.821544,17.464309,5.26,B6V,Ari
76191,,15.608216,10.010176,5.26,K0p,Ser
56404,,11.598771,-47.641643,5.26,A7m,Cen
67489,,13.868021,-52.81153,5.26,B9Vn,Cen
68848,,14.138145,49.458167,5.26,M2III,Boo
53000,,10.875236,-57.240405,5.26,B9Ia,Car
31357,,6.586684,28.022314,5.26,A0Vnn,Aur
20211,,4.343419,15.095453,5.26,F0V,Tau
49557,,10.145223,-65.815438,5.26,K0III,Car
20216,,4.344541,65.140441,5.26,G5III,Cam
27318,,5.800065,6.454156,5.26,A5V,Ori
57909,,11.911816,-25.713887,5.26,G8III,Hya
92963,,18.995966,26.230404,5.26,K2III,Lyr
75599,,15.490075,-46.732704,5.26,K4III,Lup
48543,,9.928612,49.819843,5.27,A3III,UMa
20590,,4.423614,22.199998,5.27,A7V,Tau
15588,,3.353784,21.147086,5.27,B5IV,Ari
79815,,16.340795,-78.667496,5.27,K3III,Aps
10296,,2.21513,-30.723825,5.27,A0V,For
6985,,1.501695,47.007274,5.27,K0III,And
36654,,7.560134,15.826662,5.27,A1Vn,Gem
61834,,12.713965,-63.058624,5.27,B2pe,Cru
65375,,13.445325,-12.707664,5.27,K5III,Vir
32451,,6.789278,-37.929698,5.27,B8/B9V,Pup
11729,,2.527834,-79.109382,5.27,G4III,Hyi
92910,,18.984928,13.622245,5.27,F8V,Aql
99648,,20.282024,40.365075,5.27,K5II,Cyg
109347,,22.219501,86.107955,5.27,B9.5Vn,Cep
72702,,14.905592,-24.642202,5.27,K2/K3III,Lib
116591,,23.707729,-15.448033,5.27,K3III,Aqr
83176,,17.052419,-53.237028,5.27,F6V,Ara
9706,,2.085315,77.281341,5.27,F0Vn,Cas
57304,,11.782116,55.62819,5.27,K3III,UMa
108659,,22.083469,62.785671,5.27,K4III,Cep
51168,,10.481274,-64.172278,5.27,K3Ib,Car
83058,,17.026767,33.56827,5.27,A3IV,Her
107500,,21.848413,-82.718904,5.27,G8/K0III+..,Oct
42010,,8.587658,-58.224735,5.27,B3V+...,Car
49929,,10.223016,-51.232971,5.27,A7V,Vel
30000,,6.328555,-7.822908,5.27,B2.5V,Mon
11710,,2.525027,2.267182,5.27,K3III,Cet
26395,,5.629061,-28.68969,5.28,F5V,Col
81189,,16.633462,56.01554,5.28,K1III,Dra
85130,,17.447772,-45.84303,5.28,B8V,Ara
45324,,9.263832,56.741406,5.28,K5III,UMa
28976,,6.128233,-19.165866,5.28,M1III,Lep
97792,,19.937292,11.423721,5.28,A1IV,Aql
110271,,22.409764,-72.255412,5.28,A3V: + F9V,Ind
45450,,9.290334,-74.894313,5.28,A1V,Car
23816,,5.130111,20.418379,5.28,A5V,Tau
74368,,15.241435,29.164295,5.28,A2V,Boo
80402,,16.465918,-64.057942,5.28,F4IV,TrA
21987,,4.739205,-59.732733,5.28,A8/A9III/IV,Dor
116851,,23.766922,-18.67834,5.28,F2:V+...,Aqr
47167,,9.639383,40.239793,5.28,F0V,Lyn
18741,,4.025569,-1.54966,5.28,B5V,Eri
59938,,12.330199,48.984148,5.28,M0III,CVn
99873,,20.323223,-19.118533,5.28,K2III,Cap
40888,,8.367918,-73.399985,5.28,A0/A1IV/V,Vol
58412,,12.014211,-19.658982,5.28,B2IV,Crv
30880,,6.496969,-50.239085,5.28,F2V,Pup
18405,,3.94347,50.695381,5.28,F5IV,Per
96650,,19.709447,11.826583,5.28,F3V:+...,Aql
57198,,11.762216,-45.690134,5.28,B6III,Cen
27296,,5.795252,13.899599,5.28,B2IV-V,Tau
7635,,1.641926,73.04004,5.28,G8II-IIIvar,Cas
32834,,6.859179,21.761148,5.28,A2V,Gem
43023,,8.787496,-1.897033,5.28,A3V,Hya
90733,,18.566046,-33.01656,5.28,B2III/IV,Sgr
32406,,6.780859,-14.425971,5.28,B8/B9III,CMa
94539,,19.296944,11.595422,5.28,F0IV,Aql
10995,,2.36573,0.395675,5.29,M2III,Cet
22234,,4.800069,56.757183,5.29,A3m,Cam
981,,0.202773,-17.938278,5.29,K4III,Cet
33229,,6.929702,-22.941439,5.29,B2/B3III,CMa
60715,,12.481863,25.912852,5.29,A0p,Com
11459,,2.469439,29.66933,5.29,F0III,Tri
20652,,4.435084,31.438911,5.29,K1III,Per
24813,,5.333062,-12.315585,5.29,B7/B8V,Lep
107129,,21.767879,22.94888,5.29,K0Ib,Peg
105557,,21.447668,48.835168,5.29,A6pe...,Cyg
10766,,2.315831,28.642674,5.29,A2V,Tri
108645,,22.079839,-0.906343,5.29,A5m,Aqr
105985,,21.534965,-41.17931,5.29,K0III,Gru
92534,,18.91323,-87.605843,5.29,K3III,Oct
19669,,4.225862,7.716045,5.29,F3V...,Tau
89161,,18.253585,-20.72827,5.29,B0/1Ia/ab,Sgr
35330,,7.314243,-26.585854,5.29,G2II,CMa
812,,0.167293,-82.224047,5.29,K1/K2III,Oct
69390,,14.247458,10.10061,5.29,K1III,Boo
9293,,1.993892,64.621602,5.29,A0Vn,Cas
48253,,9.864732,24.395369,5.29,A5IV,Leo
26803,,5.704221,-34.667812,5.29,B9/B9.5V,Col
8194,,1.760763,-25.05261,5.29,F2IV,Scl
27878,,5.913916,-52.635481,5.29,F0Ve...,Pic
49668,,10.168302,-12.815923,5.3,F2/F3IV/V,Hya
84825,,17.389331,-28.142831,5.3,K4/K5III,Oph
37597,,7.735254,25.784159,5.3,K5III,Gem
103179,,20.971209,22.325908,5.3,K4III,Vul
96501,,19.678717,-16.293268,5.3,K1III,Sgr
89495,,18.319633,24.446059,5.3,K4II SB,Her
104028,,21.142673,-21.193669,5.3,A0V,Cap
3224,,0.68533,39.458664,5.3,G8III,And
55867,,11.484481,39.336974,5.3,A2V,UMa
38852,,7.972404,2.224767,5.3,K0III,CMi
16458,,3.540631,46.056862,5.3,F4IIIvar,Per
116454,,23.677266,-32.073125,5.3,K0III,Scl
12456,,2.678075,27.060943,5.3,A3V,Ari
117362,,23.876974,10.94732,5.3,A4Vn,Peg
103237,,20.984577,4.293481,5.3,F5III...,Equ
105601,,21.455935,37.116798,5.3,B3V,Cyg
98110,,19.997595,-34.697799,5.3,A4/A5IV,Sgr
39667,,8.129404,21.581816,5.3,G2IV,Cnc
21861,,4.712899,-50.481334,5.3,K0/K1III,Pic
43184,,8.822702,-3.443023,5.3,B9MNp...,Hya
23412,,5.045279,-71.3143,5.3,G8III,Men
34709,,7.204392,-40.498808,5.3,A3p...,Pup
100215,,20.386304,5.342987,5.3,G8III-IV,Aql
12193,,2.623425,-52.543086,5.3,A6V,Hor
99631,,20.279746,24.671102,5.3,G8III,Vul
106808,,21.704292,5.680137,5.3,M2III,Peg
113839,,23.127575,46.387231,5.3,K5III,And
21875,,4.715089,43.365138,5.3,A1Vn,Per
45158,,9.230059,43.217825,5.3,B8IIIMNp,Lyn
47345,,9.678494,-57.983553,5.3,A3IV,Car
32325,,6.766499,-14.796127,5.3,A1IV/V,CMa
80699,,16.528269,-41.817145,5.31,B1Ia,Sco
85407,,17.50661,-1.062922,5.31,G8IV-V,Oph
10793,,2.321337,47.379973,5.31,A1V,And
37594,,7.734495,50.433794,5.31,A0IIIn,Lyn
64372,,13.236361,-19.930947,5.31,G8III/IV,Vir
93855,,19.164642,-68.424448,5.31,G8/K0III/IV,Pav
56828,,11.684171,34.201635,5.31,G8Vvar,UMa
54853,,11.264417,13.307578,5.31,K3III,Leo
59472,,12.234085,-45.723919,5.31,K3III,Cen
43548,,8.897388,-47.520778,5.31,Am,Vel
10342,,2.226728,51.065818,5.31,G8III:var,And
110303,,22.415638,-57.797415,5.31,F9V,Tuc
104637,,21.262456,-15.1715,5.31,M2III,Cap
27177,,5.77427,-46.59718,5.31,K0/K1II,Pic
45413,,9.282523,-39.401539,5.31,K2III,Vel
57389,,11.798584,8.245895,5.31,A1,Vir
79966,,16.374444,-49.572354,5.32,B6IV,Nor
98313,,20.03123,-66.943966,5.32,K2IVCN...,Pav
52757,,10.820953,10.545202,5.32,A2V,Leo
5506,,1.177579,68.778621,5.32,A0Vnn,Cas
15731,,3.386997,49.213269,5.32,B5V,Per
74421,,15.253154,4.939362,5.32,K0III,Ser
65274,,13.420568,-64.485144,5.32,F2III,Cen
103550,,21.049433,-38.631447,5.32,F3V,Mic
112421,,22.839655,-80.123845,5.32,B6IV,Oct
97438,,19.864056,-39.874367,5.32,A0p,Sgr
26061,,5.571326,3.766895,5.32,A2V,Ori
60264,,12.393174,-35.412677,5.32,B8/B9V,Cen
72822,,14.929085,-33.855785,5.32,A0V,Cen
72263,,14.821959,-14.149022,5.32,Ap,Lib
41143,,8.417706,-24.046212,5.32,K4/K5III,Pup
18910,,4.06239,5.435624,5.32,B3V,Tau
21462,,4.620465,0.998314,5.32,B7V,Tau
83919,,17.207725,10.585168,5.32,M2III,Oph
99143,,20.186632,-36.101212,5.32,K2V,Sgr
38038,,7.817132,-24.912208,5.32,G2,Pup
14134,,3.045076,-7.685472,5.32,K0II-III,Eri
56940,,11.707889,66.744906,5.32,K3III,Dra
39622,,8.121678,-20.554342,5.33,A3Ib/II,Pup
41498,,8.484654,-47.928923,5.33,B2IV,Vel
20112,,4.321301,-44.267919,5.33,K2III,Hor
41790,,8.545139,20.441162,5.33,K3III,Cnc
52526,,10.771269,-64.514559,5.33,B7:V,Car
92831,,18.970763,17.360912,5.33,F8Ib,Aql
98127,,20.000919,17.516511,5.33,M4IIIa,Sge
22677,,4.889659,2.508225,5.33,M1III,Ori
22781,,4.913273,7.779097,5.33,K1III,Ori
23824,,5.131359,8.498429,5.33,Am,Ori
64618,,13.287674,13.675751,5.33,K3III,Vir
41704,,8.526592,18.09442,5.33,K5III,Cnc
115899,,23.557804,22.498775,5.33,M5IIIa,Peg
5121,,1.094709,21.473181,5.33,A1Vn,Psc
109440,,22.238342,-21.074566,5.33,K1III,Aqr
40701,,8.330274,-71.514906,5.33,B9III/IV,Vol
97112,,19.800321,-56.362611,5.33,A9Vn,Tel
89795,,18.38141,-36.669556,5.33,B7Ib/II,Sgr
76630,,15.696504,12.847528,5.34,A0p Sr,Ser
32961,,6.884738,59.448543,5.34,G4III...,Lyn
24757,,5.319783,2.595806,5.34,F5IIvar,Ori
25915,,5.54482,-1.591831,5.34,B1IV,Ori
82336,,16.882796,31.701674,5.34,F0V,Her
50743,,10.391478,-38.009839,5.34,A8V,Ant
107445,,21.835749,17.285851,5.34,F2III-IV,Peg
9420,,2.020759,-30.00183,5.34,G8III,For
25936,,5.549873,-64.227517,5.34,G8/K0III,Dor
29631,,6.25698,16.143175,5.34,B7V,Ori
17521,,3.761234,6.049991,5.34,B3V,Tau
102796,,20.894494,-39.809865,5.34,K2III,Mic
43291,,8.842982,-66.792981,5.34,F5IV,Vol
36790,,7.585778,30.960924,5.34,K0III,Gem
58709,,12.077479,-68.328912,5.34,A0V,Mus
109308,,22.213284,34.604592,5.34,K2III,Peg
40101,,8.213552,68.474072,5.34,G8II,UMa
95986,,19.578127,42.412509,5.34,A2V,Cyg
59005,,12.137422,-48.692487,5.34,A1V,Cen
45975,,9.40268,-80.786876,5.34,F3/F5IV,Cha
62918,,12.932538,-56.835806,5.34,O9Ib,Cru
20136,,4.326862,21.773491,5.34,A0p Si,Tau
32403,,6.780417,57.169176,5.34,K0III,Lyn
112967,,22.95125,48.684068,5.34,B4IIIpe,Lac
109654,,22.280012,-12.831436,5.34,K1III,Aqr
31709,,6.646995,39.902559,5.34,B8III,Aur
70246,,14.413508,-24.80631,5.34,K0III,Lib
30174,,6.362811,53.452179,5.34,F5III...,Aur
13456,,2.895168,38.337488,5.34,F4Vvar,Per
85919,,17.610457,48.585634,5.35,K1III,Her
77671,,15.910516,43.138567,5.35,M3III,Her
78810,,16.135439,-26.326679,5.35,M2III,Sco
94090,,19.211309,-7.939518,5.35,B3V,Aql
74890,,15.350554,0.715337,5.35,K3III,Ser
116343,,23.652316,50.471733,5.35,B9V,And
42485,,8.683629,45.83401,5.35,G0IV,Lyn
109927,,22.336643,-7.821102,5.35,B8IIIMNp...,Aqr
28874,,6.109749,38.482644,5.35,A4m,Aur
29173,,6.16639,58.935694,5.35,G8III,Cam
92661,,18.938044,-42.710676,5.35,G6III-IV,CrA
22104,,4.76715,11.705591,5.35,Am...,Ori
3941,,0.845442,64.247549,5.35,A4V comp SB,Cas
36336,,7.498867,49.672463,5.35,F6V,Lyn
80538,,16.495091,-46.243229,5.35,B1.5Iap,Nor
46678,,9.538688,-40.649335,5.35,G8III,Vel
35859,,7.412182,-31.808905,5.35,K1III,CMa
66724,,13.717698,3.537903,5.35,K1III,Vir
6692,,1.437573,19.172346,5.35,F2V:var,Psc
114991,,23.365259,31.812465,5.35,B6III,Peg
4361,,0.933747,-11.266526,5.35,K4III,Cet
82550,,16.922825,18.433213,5.35,K4III,Her
52486,,10.764416,30.682313,5.36,A1Vn,LMi
92697,,18.944582,-37.343241,5.36,B3V,CrA
29922,,6.314051,-9.390018,5.36,K1III,Mon
21677,,4.666126,53.473021,5.36,A8V,Cam
38731,,7.94939,-43.500411,5.36,B2.5V,Pup
34893,,7.238906,3.111414,5.36,K0III,CMi
27589,,5.856107,-7.518003,5.36,B2IV-V,Ori
11763,,2.53595,-1.034896,5.36,G3III:,Cet
65096,,13.383643,-17.735274,5.36,K0III,Vir
84563,,17.336065,25.537603,5.36,A3III,Her
3132,,0.665436,21.438495,5.36,F3V...,Psc
102268,,20.79265,80.552262,5.36,K1III,Dra
25998,,5.558735,-1.156073,5.36,B1V,Ori
3624,,0.775822,15.475504,5.36,M4III,Psc
37745,,7.759736,-34.172363,5.36,G0V,Pup
76392,,15.648488,-19.301892,5.36,G8III/IV,Lib
45279,,9.253848,14.941507,5.36,K1III,Cnc
11231,,2.414987,-60.311947,5.36,F2III,Hor
47588,,9.728862,14.021692,5.36,M2III,Leo
5257,,1.121838,-61.775289,5.36,G5III,Tuc
58334,,11.999142,3.655197,5.36,A1V,Vir
116523,,23.692914,-18.027077,5.36,K4/K5III,Aqr
18946,,4.06941,2.826947,5.36,F6IV,Tau
52254,,10.711269,-59.215759,5.36,B2.5Ia,Car
71905,,14.754802,-62.875648,5.36,A7Vn,Cir
75209,,15.412504,-39.710268,5.36,Ap...,Lup
109763,,22.304289,-53.627073,5.36,G1V,Gru
39994,,8.192501,-7.772539,5.36,G8III,Hya
29417,,6.214182,65.718422,5.36,K2II-III,Cam
89327,,18.285426,-56.023351,5.36,B3IIIpe,Tel
34990,,7.255854,-30.686447,5.36,B2V,CMa
109246,,22.20056,60.759095,5.37,K1III,Cep
63230,,12.998665,66.597272,5.37,K2III,Dra
90481,,18.518012,-32.989114,5.37,A5V,Sgr
29657,,6.261257,59.998975,5.37,K3III,Cam
30492,,6.424623,-69.690299,5.37,G8III,Dor
39007,,8.003264,73.917919,5.37,K3III,Cam
113597,,23.077668,-53.964905,5.37,K5III,Gru
72996,,14.964755,-76.662655,5.37,K4III,Aps
35888,,7.416161,11.669524,5.37,A5IV,CMi
26182,,5.590869,24.039589,5.37,B2.5IV,Tau
28877,,6.11076,-4.193836,5.37,B5IV,Mon
80095,,16.400355,-39.19298,5.37,G3/G5V,Sco
35750,,7.391386,-27.834294,5.37,K4III,CMa
91824,,18.772391,-22.392176,5.37,K5III,Sgr
91825,,18.772849,75.433964,5.37,A1Vn,Dra
88107,,18.047527,-24.282468,5.37,F2/F3II/III,Sgr
109952,,22.340994,5.789498,5.37,B5IV,Peg
23428,,5.046861,-49.151407,5.37,F2V,Pic
8215,,1.766461,-5.733299,5.37,K4III,Cet
48941,,10.016864,31.923672,5.37,G1V,LMi
54586,,11.209191,-49.100996,5.37,A2III,Cen
79562,,16.287595,59.755023,5.37,M4IIIa,Dra
60789,,12.499267,58.405742,5.37,A5e...,UMa
109058,,22.165473,-34.014967,5.37,A5IV,PsA
72868,,14.938123,-52.809548,5.38,A2III,Lup
21617,,4.65171,7.870976,5.38,A5m,Tau
91915,,18.791375,-5.705147,5.38,K0Ibpvar,Sct
35490,,7.344114,-52.085924,5.38,B9V,Car
74949,,15.363495,32.933695,5.38,B9Vn,Boo
38609,,7.927749,19.88397,5.38,A0Vs,Gem
46272,,9.462995,-6.071187,5.38,G2V,Hya
100639,,20.470687,81.422708,5.38,G9III,Dra
3323,,0.707869,-65.46803,5.38,F6V,Tuc
20214,,4.34417,-20.639622,5.38,A0V,Eri
24739,,5.316674,33.748394,5.38,A0p...,Aur
90362,,18.494717,-1.985308,5.38,K0III,Ser
70707,,14.505823,-49.519018,5.38,A1V,Lup
1955,,0.413193,61.831057,5.38,B9III,Cas
84604,,17.34432,32.467743,5.38,G0V,Her
98715,,20.106055,35.972468,5.38,K0IV,Cyg
103400,,21.019702,46.155773,5.38,B1V,Cyg
90935,,18.607731,9.122491,5.38,F5III,Oph
60194,,12.380403,-57.676132,5.38,B9V,Cru
18813,,4.04354,-0.268923,5.38,F5V,Eri
90731,,18.565749,52.353517,5.38,K0III,Dra
105324,,21.402665,-20.851869,5.38,K0III,Cap
12055,,2.596336,34.687558,5.38,M3III,Tri
66637,,13.700307,-58.787078,5.38,B9IV,Cen
60593,,12.458019,-58.991756,5.38,M4/M5III,Cru
109176,,22.186069,50.823393,5.38,A5V,Lac
20380,,4.376373,25.629314,5.38,B9V,Tau
1641,,0.343295,8.190271,5.38,K3III,Psc
45440,,9.288149,-68.689642,5.38,F4V,Car
62377,,12.820496,83.412901,5.38,A1IIIsh,Cam
94417,,19.272706,-45.466033,5.38,K3III,Tel
2562,,0.543189,20.294316,5.38,K0III,Psc
97339,,19.846329,-10.763512,5.38,F0V,Aql
77622,,15.89831,-24.533157,5.38,B5V,Sco
101156,,20.565845,13.027255,5.39,A3IVs,Del
29777,,6.285172,9.94239,5.39,A2V,Ori
19464,,4.180517,26.480952,5.39,F2IV-V,Tau
71274,,14.622266,-46.133439,5.39,K0III,Lup
4880,,1.046997,-46.397311,5.39,G8III,Phe
46602,,9.525671,35.103273,5.39,M1III,LMi
89573,,18.335775,-15.831697,5.39,K3III,Ser
78223,,16.017412,33.303509,5.39,G2V,CrB
82512,,16.915324,20.958488,5.39,G8III,Her
96000,,19.580813,29.462954,5.39,A0V+...,Cyg
114027,,23.167072,9.822082,5.39,B9III,Peg
32591,,6.816038,-15.144726,5.39,B7IV,CMa
21991,,4.740508,11.146137,5.39,F0V,Ori
13169,,2.831716,-27.941981,5.39,A1V,For
23167,,4.997348,-10.263325,5.39,G4V,Eri
55484,,11.400646,1.407765,5.39,G8IIICN...,Leo
84720,,17.368299,-70.123208,5.39,B8/B9Vn...,Aps
78955,,16.164033,-3.466729,5.39,K4III,Ser
32408,,6.7813,-51.265667,5.39,K1II/IIIp+G:,Car
56222,,11.560337,-40.586637,5.39,A2IV/V,Cen
105625,,21.461126,27.608593,5.39,A1V,Vul
93006,,19.003799,50.533466,5.39,B2.5IV,Dra
39427,,8.079768,79.479612,5.39,A0p...,Cam
97224,,19.823694,-72.503378,5.39,A4III,Pav
18350,,3.932824,47.87142,5.39,B6V,Per
76991,,15.768233,-1.804193,5.39,B8III,Ser
71392,,14.647289,44.4045,5.39,A1V,Boo
54688,,11.22932,-0.069502,5.4,A0V,Leo
93233,,19.048472,-3.698987,5.4,A1V,Aql
4904,,1.050705,-4.836601,5.4,K0III-IV,Cet
25435,,5.452804,17.962216,5.4,B5V,Tau
26471,,5.643913,30.492412,5.4,A2V + GIII,Aur
93422,,19.082687,-4.03142,5.4,K1III,Aql
104805,,21.299246,-17.985138,5.4,B5II/III,Cap
79973,,16.374783,33.703478,5.4,K5III,CrB
20326,,4.363227,60.735625,5.4,M0III,Cam
119106,,16.688157,31.601207,5.4,K0 V,Her
93418,,19.081991,53.396654,5.4,A0Vn,Dra
119397,,21.241391,10.006094,5.4,F7 V,Equ
91702,,18.74921,-39.686188,5.4,K1/K2III+..,CrA
12620,,2.709265,-50.800294,5.4,G3IV,Hor
75782,,15.525228,-73.389591,5.4,B1npe,Aps
46945,,9.594334,35.810133,5.4,G8IV-V,LMi
43597,,8.904091,30.579115,5.4,G7III,Cnc
35697,,7.383527,-31.923781,5.4,B3V,CMa
46339,Intercrus,9.477775,45.601483,5.4,K0III-IV,UMa
98646,,20.092444,61.99542,5.4,K3III,Dra
65522,,13.474203,59.945787,5.4,A1Vn,UMa
17812,,3.820476,70.87105,5.4,A2m,Cam
20984,,4.510378,13.724402,5.4,F0V,Tau
80157,,16.411046,-29.704663,5.4,G0,Sco
46322,,9.474278,9.056778,5.4,F9V,Leo
70380,,14.440935,19.2269,5.4,F0m,Boo
31499,,6.609121,38.4455,5.4,C5II,Aur
89494,,18.319316,7.259767,5.41,K2III,Oph
61428,,12.628409,-27.138888,5.41,F0V,Hya
76824,,15.734556,-15.672834,5.41,A6IV,Lib
104412,,21.221479,-27.619333,5.41,K3III,Mic
83581,,17.133907,35.935174,5.41,A5m,Her
77623,,15.898851,-23.978094,5.41,B2V,Sco
7436,,1.599713,-15.400183,5.41,K1III,Cet
34211,,7.111324,-11.294014,5.41,B0.5IV,CMa
101846,,20.703508,50.34003,5.41,B2V,Cyg
37343,,7.687727,-38.533532,5.41,B3V,Pup
35757,,7.392193,-32.202067,5.41,B2/B3II/III,CMa
102442,,20.821733,-68.776521,5.41,K0III,Pav
85278,,17.48046,0.330625,5.41,A8V,Oph
928,,0.192894,-27.799737,5.41,K2III,Scl
96386,,19.657356,42.818278,5.41,B9III,Cyg
36260,,7.484916,-38.812065,5.41,B3V,Pup
69766,,14.321188,13.004299,5.41,F5IV,Boo
32826,,6.857495,-70.963411,5.41,B7IV,Vol
89745,,18.369083,23.285176,5.41,K5III,Her
80449,,16.476106,0.665002,5.41,K4IIIp,Oph
97335,,19.845775,-59.193667,5.41,A0IV,Pav
90953,,18.610373,33.469036,5.41,B8II-IIIp..,Lyr
3536,,0.754774,55.221396,5.41,A2Vs,Cas
67076,,13.790386,-17.859839,5.41,M2III,Vir
3713,,0.796119,74.847573,5.42,B8III,Cas
44690,,9.133348,29.654235,5.42,G8III,Cnc
101472,,20.630311,11.377676,5.42,A2V,Del
9568,,2.053236,0.128507,5.42,A5III,Cet
91211,,18.659768,-43.185878,5.42,M2III,CrA
32226,,6.745961,28.970932,5.42,K4III,Gem
5939,,1.276747,-2.500368,5.42,G5III-IVe,Cet
41699,,8.525257,-19.577462,5.42,B9.5IV/V,Pyx
61116,,12.56081,33.247584,5.42,K0IIICN...,CVn
105631,,21.46282,66.809096,5.42,B7V,Cep
759,,0.155851,-27.987928,5.42,F3V,Scl
31222,,6.563745,-36.232029,5.42,K3III,Col
62030,La Superba,12.752174,45.440256,5.42,C7Iab,CVn
80148,,16.408821,-37.566044,5.42,B8V,Sco
113912,,23.1447,2.127883,5.42,G8IV,Psc
36672,,7.564179,-36.338392,5.42,B2Vne,Pup
8795,,1.888152,40.72979,5.42,K1III,And
70572,,14.478256,-6.900536,5.42,K5III,Vir
57339,,11.788654,-57.696498,5.42,K5III,Cen
2234,,0.474027,-39.915002,5.42,M0III,Phe
20725,,4.450806,80.824159,5.42,G6III:,Cep
11020,,2.37011,-0.884852,5.42,F0Vn,Cet
6578,,1.411329,-41.492549,5.42,K0III,Phe
50191,,10.277983,13.728334,5.42,M1III,Leo
12735,,2.734766,44.29704,5.43,G0Ib,Per
31048,,6.530573,-8.158235,5.43,K2III,Mon
43783,,8.944949,-85.663152,5.43,F0III,Oct
54318,,11.145557,-28.08067,5.43,A1V,Hya
25705,,5.502835,63.06722,5.43,M1III,Cam
112372,,22.829521,55.902777,5.43,K1III,Lac
112474,,22.850599,-39.156834,5.43,K3III,Gru
87457,,17.919762,72.005127,5.43,F2.5II-III,Dra
83705,,17.163319,-10.523301,5.43,F5IV,Oph
54016,,11.081721,-35.804678,5.43,A0V,Ant
42963,,8.775152,-45.912504,5.43,B3Ia,Vel
76383,,15.647079,-52.372695,5.43,B9V,Nor
9307,,1.996166,-20.824539,5.43,M0/M1III,Cet
78010,,15.976352,-24.831488,5.43,B5V,Sco
109126,,22.177078,-11.564939,5.43,B5III,Aqr
117080,,23.813937,62.214516,5.43,A3Ia comp,Cas
113161,,22.99096,0.962927,5.43,K1III:,Psc
108316,,22.013951,-28.453736,5.43,B8/B9V+...,PsA
47820,,9.772352,-76.77612,5.43,G8III,Cha
9353,,2.007451,-8.523873,5.43,M3III,Cet
23928,,5.155456,9.829579,5.43,A2m,Ori
90955,,18.610854,6.671805,5.43,F3V,Oph
11003,,2.367092,-10.777534,5.43,F0V,Cet
92324,,18.87123,21.425142,5.43,B9p...,Her
79147,,16.202032,-8.547576,5.43,A4V,Sco
77776,,15.929884,37.946958,5.43,F0IV,CrB
74712,,15.313651,-60.496334,5.43,O7Iab:,Cir
51437,,10.536604,14.13727,5.43,M2III,Leo
62228,Tianyi,12.792873,66.790304,5.43,K5III,Dra
47071,,9.620184,-53.668508,5.44,A2/A3V,Vel
17734,,3.805782,23.42125,5.44,B8V,Tau
113636,,23.086052,-7.693801,5.44,F2V,Aqr
90135,,18.448336,-48.117243,5.44,K0/K1III+..,Tel
24769,,5.322813,-50.605967,5.44,F7III-IV,Pic
76163,,15.603364,-44.396823,5.44,M0III,Lup
43726,,8.932097,11.626023,5.44,K5III,Cnc
114789,,23.324945,48.625322,5.44,K0III,And
4500,,0.963931,28.992217,5.44,G6III,Psc
26584,,5.663845,-32.629216,5.44,G6/G8III,Col
52585,,10.781127,-17.296874,5.44,A3V,Hya
43807,,8.949056,32.91043,5.44,A7IV,Cnc
24197,,5.206237,73.946674,5.44,B9p Si,Cam
63891,,13.135321,-65.306023,5.44,WC6 + O9.5I,Mus
15508,,3.338783,77.73474,5.44,A6V,Cep
87575,,17.946596,-4.081823,5.44,G9III,Oph
99312,,20.220523,-1.009339,5.44,K5III,Aql
78653,,16.105475,67.810134,5.44,A0Vn,Dra
100917,,20.521893,49.220297,5.44,M2III,Cyg
13748,,2.9566,-23.862164,5.44,A5IV/V,Eri
19434,,4.172923,-6.923852,5.44,G8III,Eri
29663,,6.26249,12.551067,5.44,B9II-III,Ori
79721,,16.321568,-42.673965,5.44,A3Vn,Nor
32353,,6.77067,79.564811,5.44,F8V,Cam
34631,,7.189893,-0.301928,5.44,F2V,Mon
58204,,11.970898,-56.31731,5.44,B8III,Cru
38386,,7.884308,-36.363769,5.44,K1IIICN...,Pup
33097,,6.906851,-1.126996,5.44,A4IV,Mon
60667,,12.472908,-39.041172,5.45,B8/B9V,Cen
12300,,2.646943,21.961408,5.45,A7V,Ari
18928,,4.065723,8.197269,5.45,F2V,Tau
89228,,18.264843,-44.206461,5.45,G8/K0III,CrA
42168,,8.6219,-62.853465,5.45,K0III,Car
4283,,0.916751,-69.527084,5.45,G7III,Tuc
59212,,12.184401,-23.602423,5.45,A1V,Crv
3077,,0.652748,49.354589,5.45,K5III,Cas
19755,,4.246819,-62.191811,5.45,K0III,Ret
25928,,5.547613,-38.513371,5.45,K2/K3III,Col
33297,,6.942911,-79.420193,5.45,B9.5V,Men
14340,,3.090747,25.255174,5.45,B7Vn,Ari
19350,,4.154954,-16.385875,5.45,B5IV,Eri
112997,Helvetios,22.95777,20.768832,5.45,G5V,Peg
2936,,0.622561,35.399501,5.45,G5III,And
62831,,12.916219,-85.123369,5.45,K0III,Oct
53119,,10.895476,-2.129205,5.45,G8III,Leo
96252,,19.62981,-4.64764,5.45,F3IV,Aql
74078,,15.187773,-55.346032,5.45,G2Ib/II,Lup
17447,Celaeno,3.746726,24.28947,5.45,B7IV,Tau
110709,,22.498047,78.824285,5.45,A3V,Cep
33391,,6.95942,-24.630841,5.45,F3V,CMa
36512,,7.53011,17.086046,5.45,K2III,Gem
79512,,16.278687,-53.811109,5.45,M2IV,Nor
109443,,22.238542,-27.766908,5.45,B7V,PsA
77666,,15.909615,20.310968,5.45,M0III,Ser
73396,,15.049799,-32.643294,5.45,B3V,Lup
44277,,9.045629,24.452915,5.45,A0III,Cnc
42341,,8.656626,-53.439767,5.45,B5V,Vel
46461,,9.501421,-51.517164,5.45,B8V,Vel
107949,,21.939659,-37.253655,5.45,A3V,Gru
104046,Polaris Australis,21.146119,-88.956499,5.45,F0III,Oct
21682,,4.667616,12.197609,5.45,B8IV,Tau
95206,,19.424906,-23.962457,5.45,K3III,Sgr
41207,,8.431087,-42.153072,5.45,B3V,Pup
75343,,15.438166,34.335996,5.46,K4III,Boo
66424,,13.658472,52.921208,5.46,A3Vn,UMa
68720,,14.111896,-9.313515,5.46,F2IV,Vir
34818,,7.223166,51.428745,5.46,M3III,Lyn
92021,,18.814024,-43.680047,5.46,A2Vn,CrA
34532,,7.172034,-27.49152,5.46,G8III,CMa
24842,,5.337409,41.086212,5.46,A3V,Aur
62866,,12.922067,-42.915732,5.46,M0III,Cen
61938,,12.733481,-28.323957,5.46,K3III,Hya
35086,,7.27071,-15.585689,5.46,A1V,CMa
18961,,4.072687,24.105993,5.46,G0III...,Tau
75418,,15.455037,-36.76756,5.46,B5V,Lup
67091,,13.794052,-50.320682,5.46,K2III,Cen
25796,,5.520703,3.292133,5.46,B1.5V,Ori
21632,,4.655475,-14.359192,5.46,K0III,Eri
94778,,19.343246,-0.892161,5.46,B9III,Aql
46226,,9.451788,-71.601895,5.46,K2III,Car
96232,,19.626227,-14.301801,5.46,F7V,Sgr
28871,,6.108916,-23.110846,5.46,A2V,Lep
94532,,19.295454,23.02554,5.46,B0.5IV,Vul
106445,,21.629285,19.318607,5.46,F1IV,Peg
81059,,16.606268,-42.858861,5.46,O9Ia,Sco
27130,,5.765012,49.826255,5.46,A0p...,Aur
25704,,5.502632,-47.077655,5.46,G3IV,Pic
82424,,16.90051,-41.806389,5.46,B0.5Ia,Sco
92541,,18.914494,41.602723,5.46,G8III,Lyr
56532,,11.626114,-47.747309,5.46,K2III,Cen
56121,,11.539097,61.08252,5.46,F6V,UMa
20106,,4.320339,50.048695,5.46,A7V,Per
42518,,8.688773,-78.963359,5.46,B9IV,Cha
27497,,5.837999,-79.361362,5.46,B9.5V,Men
79248,,16.220953,5.021086,5.46,K5III,Her
95566,,19.497829,-26.985615,5.46,K1/K2III,Sgr
97883,,19.953852,40.367824,5.46,B5V,Cyg
46608,,9.526752,-73.080913,5.46,K4III,Car
4278,,0.916139,23.628335,5.46,K1IV,And
52443,,10.754546,-80.469597,5.46,K0III,Cha
22573,,4.868109,63.505421,5.47,M2III,Cam
34350,,7.139455,15.930675,5.47,G8III,Gem
105703,,21.479121,-69.505386,5.47,M5III,Pav
44833,,9.15988,-8.787648,5.47,G8II,Hya
64907,,13.343843,-52.747825,5.47,B6V,Cen
102814,,20.898304,33.437891,5.47,K5III,Cyg
110379,,22.433554,70.770898,5.47,K2III,Cep
68363,,14.039662,-27.429773,5.47,K2/K3III,Hya
89854,,18.393456,-75.044277,5.47,A0V,Oct
78164,,16.005447,-16.53335,5.47,F7V,Lib
89013,,18.220194,-41.336111,5.47,B2.5III,CrA
43204,,8.827545,-40.320158,5.47,A2/A3IV,Vel
13931,,2.997164,47.220693,5.47,G4p,Per
88765,,18.173948,-62.002197,5.47,G0V,Pav
41961,,8.576711,65.14517,5.47,A2m,UMa
22818,,4.919765,-74.936852,5.47,K6III,Men
20930,,4.500159,83.340379,5.47,G8III,Cep
72356,,14.841577,37.272047,5.47,K0III-IV,Boo
53625,,11.004084,45.526276,5.47,K5III,UMa
27270,,5.79061,17.729141,5.47,F0III,Tau
20987,,4.510802,15.691879,5.47,Am,Tau
60752,,12.490845,24.108925,5.47,F5III,Com
87477,,17.923663,26.049991,5.47,F2Iavar,Her
38526,,7.911864,47.564596,5.47,K4III,Lyn
110591,,22.477557,-39.131792,5.47,G8III,Gru
84462,,17.317655,-46.636235,5.47,M0V,Ara
16429,,3.535721,48.023476,5.47,B8IIIp Mn,Per
90631,,18.545367,-14.865662,5.47,K3Iab,Sct
60879,,12.516823,24.567168,5.47,A2pvar,Com
90640,,18.54721,30.554209,5.47,B8IV,Lyr
101684,,20.672174,-33.431843,5.47,K1III,Mic
25631,,5.487916,25.150215,5.47,B9Vn,Tau
59860,,12.313901,75.160561,5.47,A1V,Dra
51854,,10.624187,-58.733339,5.47,A0Ia,Car
4095,,0.877951,-24.005844,5.47,K1III,Cet
82151,,16.838717,7.247683,5.48,A3m,Her
56633,,11.644449,-13.201943,5.48,F7V,Crt
82704,,16.953104,-33.259492,5.48,K5III,Sco
37941,,7.799089,-12.192705,5.48,F5+...,Pup
79766,,16.33199,39.708584,5.48,F3IV-V,Her
72437,,14.857362,59.293985,5.48,K4III,Dra
13231,,2.844557,-35.675849,5.48,K2III,For
42593,,8.704498,-48.09909,5.48,B1.5Vn,Vel
61125,,12.562986,-9.452077,5.48,A0V,Vir
105426,,21.421377,-3.556747,5.48,K4III,Aqr
30141,,6.356865,-11.773238,5.48,B1Vpe SB,CMa
105327,,21.403192,-12.878108,5.48,F0V,Aqr
18098,,3.878238,-5.361259,5.48,B8+...,Eri
11222,,2.413627,10.610565,5.48,B7IV,Ari
72906,,14.946142,-11.409701,5.48,K4III,Lib
102763,,20.88849,45.181673,5.48,K0II,Cyg
79040,,16.180424,75.877563,5.48,B8V,UMi
76721,,15.714107,52.360903,5.48,B9p...,Boo
38480,,7.903058,-35.877287,5.48,B2V,Pup
24619,,5.294512,-13.519826,5.48,G8IV,Lep
81884,,16.779989,-39.376962,5.48,K0III,Sco
44485,,9.090028,48.530314,5.48,F6II-III,UMa
102166,,20.772238,-39.199262,5.48,B8/B9V,Mic
79431,,16.260352,-8.369442,5.49,G1V,Sco
60945,,12.527871,-59.423922,5.49,F5III,Cru
42596,,8.705278,-53.100056,5.49,B8...,Vel
103069,,20.948341,-9.697545,5.49,K5III,Aqr
15300,,3.296485,44.025024,5.49,B8V...,Per
52537,,10.773689,14.194645,5.49,G4III:,Leo
61531,,12.652031,21.062559,5.49,G9III,Com
22210,,4.793413,-16.934456,5.49,G3V,Eri
116245,,23.632445,18.400667,5.49,A1Vn,Peg
45395,,9.278158,-8.744759,5.49,B9III,Hya
37793,,7.767275,-6.772511,5.49,K5III,Mon
14381,,3.102203,79.418535,5.49,F7IV comp SB,Cep
3599,,0.769929,-22.522097,5.49,G8/K0III,Cet
29078,,6.149407,-22.427412,5.49,A0V,Lep
109733,,22.297409,-77.511553,5.49,F3III,Oct
46445,,9.498474,-26.589616,5.49,K2IIICNII,Ant
117008,,23.79904,-2.761598,5.49,G8III,Psc
93372,,19.073627,-31.047079,5.49,A0V,Sgr
96756,,19.72598,-15.470105,5.49,F5V,Sgr
18387,,3.941303,35.080899,5.49,B1.5V,Per
8225,,1.76832,-50.816256,5.49,M3III,Phe
90722,,18.564857,-24.032283,5.49,K3III,Sgr
50161,,10.270677,29.310501,5.49,A0Vn,LMi
7199,,1.548903,-36.865231,5.49,K1/K2III,Scl
27448,,5.826817,-14.483665,5.49,G8III,Lep
88559,,18.133959,36.401264,5.49,K2III,Her
89092,,18.23775,-21.713164,5.49,K2III,Sgr
80895,,16.572044,-70.988097,5.5,K1IIICN...,Aps
6718,,1.44491,19.240422,5.5,K1III,Psc
66226,,13.619731,71.242252,5.5,K2III,UMi
1643,,0.344178,-69.624913,5.5,B9V,Tuc
33910,,7.054195,-59.178109,5.5,B9IV,Car
15604,,3.35667,-23.635135,5.5,G8III,Eri
51672,,10.586905,-39.562589,5.5,C,Ant
28992,,6.13135,-42.154043,5.5,A0V,Col
9550,,2.049433,33.284135,5.5,A2V,Tri
20121,,4.323916,21.142307,5.5,B9IV,Tau
105572,,21.450454,-42.54793,5.5,Am,Mic
81006,,16.595775,-65.495399,5.5,G8/K0III,TrA
52534,,10.773484,18.891523,5.5,K3III,Leo
15822,,3.405132,24.724063,5.5,K4III,Ari
66960,,13.765644,-12.426528,5.5,G8III,Vir
25883,,5.537262,17.058128,5.5,B7III,Tau
24392,,5.245569,5.156151,5.5,K4III,Ori
115471,,23.46766,-87.482214,5.5,K2III,Oct
75874,,15.543528,-19.67046,5.5,A2IV,Lib
75901,,15.549427,-1.186399,5.5,K0III,Ser
35467,,7.339288,-52.311524,5.5,F2,Car
88788,,18.177861,3.324256,5.5,K2III,Oph
4879,,1.046971,31.804263,5.5,B9.5V,Psc
23845,,5.135173,24.265175,5.5,B2V...,Tau
96770,,19.72859,25.771929,5.5,G8III,Vul
56328,,11.582473,-49.13649,5.5,K1III/IV,Cen
100109,,20.36762,24.446099,5.5,B8IIIn,Vul
4842,,1.040674,-31.552005,5.5,A1/A2IV,Scl
48865,,9.997695,56.811807,5.5,K5III,UMa
108198,,21.988307,-38.395096,5.5,K1II/III,Gru
78959,,16.164609,-33.545805,5.5,B8V,Sco
22905,,4.940052,-5.171356,5.5,B6V,Eri
59052,,12.148497,-41.231605,5.51,B3IV,Cen
6734,,1.447657,-13.056512,5.51,F0V,Cet
93047,,19.012072,55.658301,5.51,G5IIbCN...,Dra
84577,,17.339203,46.24078,5.51,M0III,Her
47134,,9.633736,-43.190944,5.51,G8II,Vel
96951,,19.767005,-31.908571,5.51,B8III,Sgr
52271,,10.717191,26.325577,5.51,A4Vn,LMi
70691,,14.502399,-45.321355,5.51,B8Vn,Lup
110715,,22.499427,4.43169,5.51,F5IVs,Peg
72966,,14.959236,-0.167612,5.51,K1III,Vir
92260,,18.859712,52.975117,5.51,G9IVa,Dra
92340,,18.874229,-46.595119,5.51,M0III,Tel
87038,,17.839692,29.322143,5.51,K1III,Her
98014,,19.977216,30.983665,5.51,B9Vn,Cyg
19340,,4.152768,19.609217,5.51,K2III,Tau
67038,,13.783277,38.542697,5.51,K0III+...,CVn
92931,,18.989945,-12.840517,5.51,B4V,Sgr
103195,Musica,20.973871,10.839286,5.51,G6III:,Del
3667,,0.783738,11.973849,5.51,G8II,Psc
113172,,22.993266,-29.462311,5.51,F0V,PsA
94143,,19.220979,-12.282584,5.51,K3III,Sgr
10618,,2.283068,-6.422116,5.51,G8III,Cet
98508,,20.068976,7.277966,5.51,K0III,Aql
2796,,0.594767,-48.000907,5.51,F6V,Phe
74820,,15.335714,29.616209,5.51,K0III,CrB
29868,,6.303813,-19.966974,5.51,B2/B3V,CMa
15163,,3.265951,-77.388454,5.51,F4III,Hyi
22989,,4.956206,17.153677,5.51,K1III,Tau
99087,,20.175982,26.904169,5.51,A3III,Vul
5335,,1.1395,5.649819,5.51,F0III-IV,Psc
106892,,21.718465,41.15497,5.51,M2III,Cyg
52070,,10.669848,-65.100209,5.51,B9p Si,Car
99200,,20.19666,26.80899,5.51,K3II-III,Vul
20808,,4.470359,83.80779,5.51,B5V,Cep
41333,,8.45466,-70.093482,5.51,A0V,Vol
53873,,11.054133,-11.30347,5.51,G7III...,Crt
82229,,16.856925,1.215947,5.51,A2Vs,Oph
14097,,3.037615,-71.902457,5.51,B8III/IV,Hyi
104920,,21.321025,58.623502,5.51,B3Vv comp,Cep
17696,,3.7989,-30.167882,5.52,G6III,For
73270,,15.022174,-2.754927,5.52,M0III,Lib
28027,,5.939151,-31.38244,5.52,F2III,Col
89845,,18.39134,-36.237987,5.52,K0III,Sgr
19287,,4.143497,38.039733,5.52,F7V,Per
110471,,22.451475,65.13227,5.52,B0.5Ib,Cep
102585,,20.850211,-37.913332,5.52,K3III,Mic
24496,,5.267815,11.341354,5.52,A0V,Ori
51240,,10.495037,84.252009,5.52,F0IV,Cam
88539,,18.130095,-17.154159,5.52,K0III,Sgr
50314,,10.302109,-28.992,5.52,B9.5Ib/II,Ant
85126,,17.44698,20.080977,5.52,B5V,Her
50790,,10.40239,33.718531,5.52,K1III,LMi
7963,,1.708125,-53.740834,5.52,F8V,Eri
59986,,12.3388,26.619482,5.52,K2III-IV,Com
65883,,13.547679,-15.363012,5.52,K1III,Vir
94494,,19.286729,-66.661048,5.52,A4IV/V,Pav
54178,,11.115058,1.955525,5.52,G9IIICN...,Leo
107632,,21.874978,28.793538,5.52,F6IVwvar,Peg
39455,,8.084363,-53.107921,5.52,K3/K4III,Car
13293,,2.858218,15.082071,5.52,B7V,Ari
39249,,8.045774,-41.309828,5.52,Ap Si,Pup
40167,,8.226178,-50.196072,5.52,M1III,Vel
25491,,5.462669,15.874052,5.52,B9.5Vn,Tau
31503,,6.609814,-5.211143,5.52,B8V,Mon
41035,,8.396809,53.219712,5.52,A3V,Lyn
74503,,15.273059,-22.399416,5.52,K2III,Lib
112025,,22.761331,-46.547328,5.52,K3III,Gru
73406,,15.051683,35.205795,5.52,G8III:,Boo
22801,,4.917537,55.259109,5.52,B9.5V,Cam
41279,,8.444987,-12.534602,5.52,K1/K2III,Pup
109128,,22.177462,70.132573,5.52,F2V,Cep
107492,,21.846448,-69.629416,5.52,M0III,Ind
8687,,1.866476,55.147385,5.53,B1.5V,Per
75894,,15.548673,-16.852844,5.53,B3V,Lib
86431,,17.714194,-36.945564,5.53,K5III,Sco
20832,,4.475589,1.380821,5.53,B3V,Tau
109399,,22.230339,45.440613,5.53,A0III,Lac
63747,,13.106278,22.616187,5.53,M5III,Com
105885,,21.51647,60.459432,5.53,B1II,Cep
82802,,16.971651,-50.641185,5.53,B9IV,Ara
15293,,3.295903,-62.575322,5.53,G2V,Ret
57986,,11.927926,15.646818,5.53,A3V,Leo
69436,,14.256691,-18.20069,5.53,A0V,Vir
88745,,18.168281,-30.728666,5.53,K1III + (F),Sgr
78199,,16.013231,-8.411353,5.53,A0Vs,Lib
93548,,19.11048,28.628595,5.53,F0III,Lyr
69313,,14.234773,12.959444,5.53,F6IV,Boo
69240,,14.221226,-53.665674,5.53,K5III+...,Cen
48925,,10.012191,-82.21467,5.53,A0IV,Cha
112788,,22.912632,-16.271957,5.53,K1III,Aqr
30578,,6.440514,56.285096,5.53,A3m,Lyn
25788,,5.518785,-20.863659,5.53,A0V,Lep
101736,,20.684039,32.307287,5.53,G8IIb,Cyg
80217,,16.42338,37.394079,5.53,A5V,Her
84293,,17.284349,-32.66284,5.53,F6V,Sco
21975,,4.73555,-18.666586,5.53,A1V,Eri
94689,,19.327597,12.37468,5.53,F0III,Aql
103649,,21.067979,-5.823066,5.53,G4,Aqr
26317,,5.617704,17.040324,5.53,F0V,Tau
81044,,16.603174,52.900048,5.53,B9.5Vn,Dra
77228,,15.815777,-3.818513,5.53,A5IV,Lib
107243,,21.790362,60.692689,5.53,M1III,Cep
107,,0.022255,-50.337373,5.53,M2III,Phe
110183,,22.391901,-24.762661,5.53,K0IIICN...,Aqr
21896,,4.717764,-70.931027,5.53,B9IV,Men
79738,,16.325758,-30.906716,5.53,F5IV,Sco
115348,,23.44349,-52.721603,5.53,F4V,Gru
67605,,13.892437,-35.664248,5.53,F3V,Cen
17126,,3.677315,-5.210706,5.53,B9IIIp Si,Eri
20737,,4.454847,22.996337,5.53,B7V,Tau
39922,,8.177731,-13.799207,5.53,F7V,Pup
113609,,23.08116,-68.820226,5.53,F4III,Ind
12075,,2.600013,-7.831597,5.53,M0III,Cet
102966,,20.927381,12.568558,5.54,A4V,Del
83925,,17.209047,62.874337,5.54,F0IV,Dra
77154,,15.798078,-65.442291,5.54,A5,TrA
58401,,12.012347,-10.446014,5.54,K0IV,Vir
77896,,15.954048,14.41448,5.54,K1IV,Ser
86356,,17.699621,15.95243,5.54,F4Vw,Her
35043,,7.263925,47.239964,5.54,G0V,Lyn
97454,,19.867109,24.992162,5.54,A1Iab,Vul
60027,,12.347461,57.864118,5.54,K5III,UMa
29190,,6.169558,-40.353792,5.54,M2II/III,Col
32523,,6.803407,55.704195,5.54,F5V:+...,Lyn
45087,,9.215452,-59.413928,5.54,G6II,Car
35939,,7.42727,-79.094188,5.54,K2/K3III,Men
29769,,6.283675,-37.737445,5.54,K2III,Col
114692,,23.302739,-40.824361,5.54,F5V,Gru
107994,,21.948992,12.076492,5.54,A2Vnn,Peg
55979,,11.508065,18.409801,5.54,K0III,Leo
74898,,15.352114,-5.824853,5.54,K1III,Lib
25080,,5.380644,41.02926,5.54,A3V,Aur
85757,,17.579542,-11.241999,5.54,B8Vn,Ser
7521,,1.61831,12.141535,5.54,F0V,Psc
811,,0.167278,11.145813,5.54,B9V,Psc
103266,,20.990377,59.438594,5.54,K4III,Cep
28453,,6.021194,-33.911835,5.54,K5III,Col
56843,,11.688836,-43.095667,5.54,A0V,Cen
97923,,19.962624,16.789163,5.54,B9III,Sge
27514,,5.841363,14.305608,5.54,G9III:,Tau
17161,,3.685515,37.580198,5.55,B7Vn,Per
51985,,10.651581,53.6683,5.55,K3III,UMa
116932,,23.783866,57.451359,5.55,K3II,Cas
2655,,0.561401,-29.558278,5.55,K1III,Scl
27886,,5.91458,-39.957857,5.55,M0III,Col
17062,,3.664201,3.056863,5.55,G6III:,Tau
115988,,23.577095,40.236441,5.55,A1III,And
36156,,7.466434,-29.155896,5.55,B9Vsp...,Pup
43373,,8.859559,-7.177226,5.55,A4m,Hya
20184,,4.336531,50.920933,5.55,B1.5IV,Per
80238,,16.42874,78.963854,5.55,F0V,UMi
103187,,20.972067,44.471711,5.55,G8III,Cyg
102674,,20.869082,-5.507059,5.55,B9III,Aqr
55491,,11.4031,-72.256608,5.55,B2IV-V,Mus
71193,,14.605288,-46.245451,5.55,K3III,Lup
24678,,5.304359,42.792111,5.55,M4III,Aur
62413,,12.829154,-71.98626,5.55,G8Ib/II,Mus
3875,,0.831433,27.710286,5.55,F5III+...,Psc
15657,,3.36997,27.607553,5.55,G5III,Ari
66845,,13.741618,-16.179072,5.55,G1IV/V,Vir
71611,,14.695423,11.660662,5.55,G8III,Boo
30647,,6.454331,-0.275999,5.55,K5III,Mon
34177,,7.103222,34.473967,5.55,G8IV,Gem
114469,,23.260477,70.88808,5.55,F0IV,Cep
7603,,1.635435,57.977631,5.55,G5II,Cas
30655,,6.455681,2.908288,5.55,G9III,Mon
108522,,22.054572,-6.522406,5.55,K0III,Aqr
108427,,22.034604,58.000366,5.55,O9V,Cep
81920,,16.788795,-58.341441,5.55,B0Iab,Ara
475,,0.094989,13.396266,5.55,G5III,Peg
37414,,7.700894,14.208503,5.55,M3Sv,Gem
84690,,17.362116,39.974649,5.55,F9Vn...,Her
11405,,2.457715,31.80128,5.55,K1III:,Tri
103842,,21.107087,-41.385965,5.55,K3III,Mic
14879,,3.207324,6.660883,5.55,K1IIIpe+...,Cet
110432,,22.442853,-16.742138,5.55,G3V,Aqr
95714,,19.522039,50.306706,5.55,K1III,Cyg
5122,,1.094919,21.465442,5.55,A0Vn,Psc
30070,,6.3434,-34.144144,5.55,B3V,Col
113309,,23.02205,-28.85396,5.55,K3III,PsA
81504,,16.698247,-19.924377,5.55,F3V,Oph
40679,,8.32562,75.756907,5.55,G8III,Cam
69831,,14.336029,-43.058843,5.55,G8III,Lup
33977,,7.065928,-43.608039,5.56,G3V...,Pup
86400,,17.707879,24.564058,5.56,K4III,Her
5554,,1.190428,64.202677,5.56,B9.5V,Cas
29132,,6.15959,-14.584619,5.56,K2III,Lep
75028,,15.377048,39.581463,5.56,K4III,Boo
83435,,17.105014,22.084153,5.56,K4III,Her
89204,,18.260772,42.159345,5.56,B7IV,Lyr
30248,,6.37729,-69.984043,5.56,K5III,Dor
5299,,1.132544,20.739113,5.56,A3V,Psc
25544,,5.470926,-37.230767,5.56,A0V,Col
4430,,0.946377,60.362836,5.56,B8V,Cas
46849,,9.575736,-5.914948,5.56,K1III,Hya
66541,,13.682257,-85.786043,5.56,A2m...,Oct
45058,,9.20848,-43.613262,5.56,B8V,Vel
93701,,19.137973,-19.290289,5.56,B2V,Sgr
45792,,9.36416,-42.19486,5.56,M3Ib,Vel
44171,,9.022462,-41.864254,5.56,B5V,Vel
92591,,18.92528,-16.376635,5.56,F5/F6IV/V,Sgr
92758,,18.954608,2.535346,5.56,B9IIIp...,Ser
57698,,11.869537,-56.987741,5.56,B4III,Cen
114779,,23.323327,-5.124352,5.56,F3IV,Aqr
60547,,12.447692,-32.830121,5.56,B9V,Hya
114460,,23.259516,-3.49638,5.56,A3V,Aqr
97650,,19.908632,24.319388,5.56,A0III,Vul
115031,,23.375702,60.133485,5.56,K3II,Cas
56601,,11.639056,43.625429,5.56,F2II-III,UMa
47582,,9.728406,-53.891282,5.56,A0V,Vel
115226,,23.41412,32.384882,5.56,B9III,Peg
115381,,23.44999,87.307504,5.56,A7IV,Cep
110589,,22.477091,-67.489059,5.56,A3V,Ind
48173,,9.848775,-62.745116,5.56,K1IIICN...,Car
17464,,3.749027,-0.29672,5.56,K4III,Eri
42415,,8.671521,-53.015398,5.56,B7Vn,Vel
70269,,14.418426,-68.195333,5.56,A3Ib,Cir
16739,,3.599352,-11.193782,5.56,G7III:,Eri
21690,,4.668557,-24.482368,5.56,G6/G8III,Eri
13917,,2.994767,-2.464952,5.56,B9.5V,Eri
41283,,8.445539,12.654612,5.56,M3III,Cnc
95268,,19.438654,-21.776693,5.57,K1/K2III,Sgr
82669,,16.946677,-23.150346,5.57,A0V,Oph
76760,,15.721161,-84.465273,5.57,A2V,Oct
9294,,1.994118,-42.030532,5.57,K1III,Phe
22340,,4.820235,31.437375,5.57,K2III,Aur
61775,,12.699199,6.806617,5.57,A2V,Vir
107174,,21.775583,-11.365954,5.57,A1V,Cap
38044,,7.818533,-56.41036,5.57,G5II,Car
114260,,23.221098,57.168355,5.57,K3Vvar,Cas
106087,,21.556534,-44.8487,5.57,K0III,Gru
10394,,2.237366,-67.841441,5.57,M1III,Hyi
10510,,2.261884,25.043043,5.57,F6V,Ari
5577,,1.194829,65.018854,5.57,B9IV,Cas
2705,,0.574374,-52.37309,5.57,F3IV-V,Phe
52910,,10.856594,59.320119,5.57,K2III,UMa
66430,,13.659616,10.746269,5.57,F0V,Boo
2935,,0.622393,-24.767267,5.57,K1V+...,Cet
107306,,21.804363,-47.303615,5.57,G2V,Gru
10918,,2.349499,50.151466,5.57,B9p Si,And
63919,,13.142352,-8.984385,5.57,K3III,Vir
78913,,16.155154,-57.934318,5.57,B9V,Nor
727,,0.150672,18.211963,5.57,G9III,Peg
16222,,3.493341,-12.674737,5.57,A5III/IV,Eri
43778,,8.943741,64.603831,5.57,G6III,UMa
117709,,23.952356,55.705705,5.57,G8Ib,Cas
5443,,1.163667,19.658408,5.57,G0III,Psc
76812,,15.73314,32.515807,5.57,G9III:,CrB
85489,,17.522593,2.724507,5.57,G8III,Oph
102302,,20.796759,6.008209,5.57,A0V,Del
108499,,22.049074,44.649863,5.57,A0IV,Cyg
95523,,19.489487,14.596019,5.57,K0III,Aql
530,,0.10737,64.196168,5.57,B9III,Cas
3733,,0.800296,-21.722492,5.57,B9V,Cet
76927,,15.756523,5.447315,5.57,A1V,Ser
7950,,1.705688,68.043021,5.57,A0p SiSr,Cas
81452,,16.689004,-48.762957,5.57,O5,Ara
47035,,9.611903,31.161734,5.57,M2III,Leo
51536,,10.558587,34.988695,5.57,A2Vn,LMi
31200,,6.560046,14.155163,5.57,K2III:,Gem
51231,,10.493161,-30.607065,5.57,B9/B9.5V,Ant
88731,,18.166387,36.466284,5.57,G8III,Her
70020,,14.372145,-34.786792,5.57,B8V,Cen
34950,,7.247546,-27.037996,5.58,K3III,CMa
55599,,11.426771,16.456539,5.58,F2V,Leo
63535,,13.062808,-20.583497,5.58,F7V,Vir
114562,,23.278405,53.213476,5.58,F7V,Cas
16170,,3.4812,49.848384,5.58,B6Vn,Per
100111,,20.368156,45.794994,5.58,K0IIIvar,Cyg
5155,,1.10143,-9.839354,5.58,A1V,Cet
99786,,20.307958,36.999803,5.58,A2V,Cyg
20943,,4.502388,15.63784,5.58,F0V...,Tau
37334,,7.686782,48.131533,5.58,K0III,Lyn
10706,,2.302094,19.901164,5.58,A1Vn,Ari
40829,,8.355895,-20.079058,5.58,A3V,Pup
89209,,18.261289,-63.055366,5.58,K0III/IV,Pav
94329,,19.255581,15.083651,5.58,G8II-III,Aql
37098,,7.64246,35.04855,5.58,K0III,Gem
54169,,11.113866,-70.87793,5.58,B2V,Car
13668,,2.940596,18.023119,5.58,F6V,Ari
70568,,14.477197,49.844851,5.58,G3IV,Boo
50995,,10.446924,-54.877302,5.58,K3II/III,Vel
31005,,6.521744,-51.825953,5.58,F8V,Car
109006,,22.153789,33.172337,5.58,G6III:,Peg
7664,,1.647718,-21.275384,5.58,F0V,Cet
114907,,23.347097,30.414921,5.58,M0III,Peg
89981,,18.417066,-30.75657,5.58,K0III,Sgr
20169,,4.332695,14.035201,5.58,F3V...,Tau
92581,,18.92429,6.61529,5.58,G9III,Aql
41261,,8.44103,27.893583,5.58,K5III,Cnc
47827,,9.775104,-44.75506,5.58,B2.5IV,Vel
51219,,10.491383,-29.663832,5.58,K3III,Hya
61103,,12.559516,-12.830203,5.58,G8III/IV,Crv
87298,,17.889853,-34.895125,5.58,K3III,Sco
92438,,18.895433,36.971721,5.58,B2.5V,Lyr
124,,0.026949,61.222801,5.58,F0III,Cas
22478,,4.848706,-53.461508,5.58,F0IV...,Pic
109391,,22.229008,-25.180905,5.58,F7II,PsA
1916,,0.404348,52.019914,5.58,B5IV,Cas
57937,,11.917537,8.443943,5.58,K0III:,Vir
105071,,21.351217,23.855966,5.58,K1III,Peg
117315,,23.866066,2.930384,5.59,K4II,Psc
95876,,19.556007,-45.271748,5.59,A0p,Tel
50099,,10.258767,-43.112369,5.59,K4III,Vel
58151,,11.961118,-62.448748,5.59,B3V,Cru
58479,,12.027635,36.042086,5.59,K0III,UMa
4760,,1.02174,-38.916527,5.59,K1III,Scl
94432,,19.275287,4.834795,5.59,A3IV,Aql
13631,,2.932452,61.521138,5.59,F4V,Cas
3841,,0.823782,-13.561274,5.59,K3III,Cet
38795,,7.962946,-60.303072,5.59,G2V...,Car
21426,,4.612677,-62.077154,5.59,M8e,Dor
4273,,0.914667,83.707435,5.59,A4V,Cep
31378,,6.590061,-36.779879,5.59,A0V,Col
58252,,11.979907,-64.33956,5.59,A3Ib,Cru
40563,,8.304832,-35.451703,5.59,K2III,Pup
74721,,15.315661,-40.788222,5.59,B9V,Lup
63769,,13.109743,-41.588443,5.59,K0II/III,Cen
49427,,10.119305,-17.141733,5.59,K4III,Hya
377,,0.078131,-71.436891,5.59,B8III,Tuc
99937,,20.334998,68.880317,5.59,M5III,Dra
101389,,20.617964,26.461947,5.59,B9V,Vul
77870,,15.948366,-33.964281,5.59,B9V,Lup
17353,,3.726065,-10.485661,5.59,A5m,Eri
94782,,19.34393,-22.402535,5.59,A6:m...,Sgr
73613,,15.090515,48.150972,5.59,A1V,Boo
35517,,7.349524,-14.360489,5.59,G8/K0III,CMa
103198,,20.975009,50.461791,5.59,B5Vn,Cyg
105428,,21.422083,46.714341,5.59,F0V,Cyg
51344,,10.516622,-13.58847,5.59,B8/B9IV/V,Hya
44872,,9.16567,-30.365401,5.59,A4IV,Pyx
117909,,23.991082,-29.485168,5.59,K5III,Scl
72606,,14.887097,-73.190071,5.59,G5III,Aps
43376,,8.860145,-57.633577,5.59,B8III,Car
33488,,6.976639,-25.414157,5.59,B2V,CMa
9553,,2.050052,64.390018,5.59,B8Ib,Cas
94691,,19.327776,-35.421452,5.59,B4III,Sgr
101922,,20.719722,66.657447,5.59,A8V,Cep
2491,,0.528105,52.839526,5.59,K2III,Cas
36617,,7.553241,3.290379,5.59,F2V,CMi
19047,,4.093728,-27.651807,5.59,F0IV/V,Eri
46088,,9.423343,-5.117394,5.6,K5III,Hya
118645,,9.736603,-27.769033,5.6,F8 V,Ant
25266,,5.417151,-10.328887,5.6,K5III,Ori
118164,,2.659463,-11.871068,5.6,F5 V,Cet
38145,,7.836271,-9.183441,5.6,K3III,Mon
10697,,2.3004,1.757802,5.6,G0.5IV,Cet
92094,,18.826388,-43.434102,5.6,B9IV,CrA
36085,,7.452219,-17.864861,5.6,F2V,CMa
26028,,5.565079,14.305578,5.6,B3V,Ori
44755,,9.14505,-8.589524,5.6,B9.5III,Hya
113893,,23.139186,-28.823697,5.6,G8III,Scl
41259,,8.440891,-3.987479,5.6,A5III-IV,Hya
30269,,6.382179,-56.369969,5.6,Am,Pic
95264,,19.437013,20.097733,5.6,A0V,Vul
112921,,22.939897,41.603876,5.6,B2IV,Lac
104034,,21.144135,30.205637,5.6,B9V,Cyg
100143,,20.374305,-42.049548,5.6,A0V,Sgr
97446,,19.866408,47.027339,5.6,O9.5Ia,Cyg
17418,,3.742062,36.460103,5.6,A2m,Per
27673,,5.872859,14.171787,5.6,B9p...,Tau
27560,,5.849475,27.967861,5.6,G7III:,Tau
110639,,22.485551,9.129034,5.6,K5III,Peg
36285,,7.488519,-1.905329,5.6,K5III,Mon
39066,,8.013141,17.308703,5.6,K3III,Cnc
84143,,17.255346,-33.54842,5.6,O9,Sco
26150,,5.587011,10.240093,5.6,B9IIIMNp...,Ori
31090,,6.539758,-5.86882,5.6,F0Vnn+...,Mon
108346,,22.01806,0.604715,5.6,K4III:,Aqr
64867,,13.3386,40.150548,5.6,K1III,CVn
59319,,12.202581,20.542064,5.6,K0II-III,Com
65989,,13.568698,55.348434,5.6,A0V,UMa
50901,,10.428964,-7.059829,5.6,M0.5III,Sex
115255,,23.422062,-56.848985,5.6,K0III,Tuc
37516,,7.719996,-36.050089,5.6,B5V,Pup
81777,,16.756255,15.745289,5.6,M3III,Her
102304,,20.797025,47.831869,5.6,K5III,Cyg
115405,,23.45458,70.359782,5.6,A6IV,Cep
5614,,1.204601,79.673963,5.6,A3V,Cep
97669,,19.912444,0.273627,5.6,A0III,Aql
24112,,5.189686,-11.849089,5.6,M6.2III,Lep
6500,,1.394612,37.714943,5.6,A1m,And
32445,,6.78853,-55.539988,5.6,K5III,Car
20870,,4.485257,-13.04837,5.61,B2V:ne,Eri
45788,,9.363909,-55.514686,5.61,A3IVs...,Vel
50863,,10.420887,8.784845,5.61,M2IIIs,Leo
41605,,8.507948,-32.159285,5.61,K3III,Pyx
9601,,2.061247,-4.103516,5.61,K5Iab:,Cet
31814,,6.667474,-80.813593,5.61,A5III,Men
80707,,16.529786,45.598281,5.61,A4Vn,Her
18600,,3.991703,-12.574425,5.61,K4III,Eri
89648,,18.349158,29.858925,5.61,A5m,Her
30363,,6.398866,-25.577629,5.61,K5III,CMa
47435,,9.700098,39.757851,5.61,G8III,Lyn
62921,,12.933468,38.314912,5.61,F0V,CVn
1724,,0.362853,-20.058024,5.61,M5/M6Ib/II,Cet
23499,,5.064797,-24.388151,5.61,A2IV,Lep
52811,,10.832506,-34.058183,5.61,A1V,Ant
41094,,8.409726,-3.75124,5.61,F3V,Hya
72097,,14.789599,-25.624267,5.61,B9IV/V,Hya
77050,,15.77895,-34.682454,5.61,B8V,Lup
67171,,13.81076,31.190206,5.61,K0III,CVn
15116,,3.255677,30.556689,5.61,A1Vs,Ari
108348,,22.018152,13.119823,5.61,F4III,Peg
69376,,14.245191,-41.837495,5.61,G8III,Cen
86775,,17.785568,17.697014,5.61,A1V,Her
66446,,13.663488,-40.051708,5.61,K2/K3III,Cen
112504,,22.856268,61.69674,5.61,G2IV+...,Cep
38092,,7.826502,-33.28895,5.61,M0III,Pup
79448,,16.263834,-57.91235,5.61,A5III,Nor
78040,,15.982697,36.643773,5.61,K5III,CrB
85660,,17.55829,-5.744803,5.61,A5V,Oph
26817,,5.707347,65.697649,5.62,K5III,Cam
47066,,9.619413,-32.178646,5.62,K1III,Ant
40126,,8.21913,29.656536,5.62,B9p SiCr,Cnc
113771,,23.114894,-38.892293,5.62,A0V,Gru
14109,,3.039588,4.352884,5.62,B7V,Cet
18963,,4.072977,-12.792295,5.62,K1III,Eri
92677,,18.940481,65.258084,5.62,G8III,Dra
81483,,16.694507,-49.651552,5.62,B1II,Ara
7331,,1.57716,-15.676359,5.62,A1V,Cet
57618,,11.85062,-5.333332,5.62,K0IV,Vir
31285,,6.576481,-32.716255,5.62,B9V,CMa
29643,,6.259518,-0.512189,5.62,F6V,Ori
37644,,7.742825,-24.674079,5.62,B2II,Pup
27697,,5.875883,-37.631063,5.62,K1III,Col
42676,,8.720091,12.680876,5.62,A3V+...,Cnc
30371,,6.400281,-36.707764,5.62,K1II/III,Col
79118,,16.196682,36.425094,5.62,K3III SB,CrB
98548,,20.076715,32.218598,5.62,B1.5Ia comp,Cyg
18424,,3.947798,22.477971,5.62,F2IV,Tau
15345,,3.306229,-0.930288,5.62,K1IV,Cet
110160,,22.385535,-45.928488,5.62,F3III-IV,Gru
32299,,6.758664,-30.94898,5.62,B+...,CMa
38266,,7.861952,-21.173662,5.62,K0III,Pup
74461,,15.263633,0.372139,5.62,A4V,Ser
87506,,17.930781,22.464221,5.62,K3III,Her
48211,,9.855481,-46.193871,5.62,K2III,Vel
108735,,22.097496,-59.636072,5.62,K4III,Ind
107430,,21.833369,-64.712537,5.62,K1III,Ind
4577,,0.978852,-11.379975,5.62,G7III,Cet
38542,,7.91482,-57.302806,5.62,K3/K4III,Car
90857,,18.591777,23.60553,5.62,G8III,Her
16449,,3.53882,84.91104,5.62,G3IIp...,Cep
72884,,14.942239,-47.879198,5.62,B+...,Lup
27869,,5.912119,-11.774192,5.62,K3 comp,Lep
97560,,19.888538,-3.114464,5.63,A5pvar,Aql
93205,,19.041022,-24.846826,5.63,K2III,Sgr
15441,,3.326363,-24.122902,5.63,M1III,For
7810,,1.677674,43.297687,5.63,A9IV:,And
85455,,17.515381,31.158139,5.63,G8III,Her
66229,,13.62008,-61.691856,5.63,F6V,Cen
42798,,8.745844,10.08167,5.63,A1p...,Cnc
115404,,23.454157,-58.47611,5.63,G8III,Tuc
7928,,1.700968,35.245707,5.63,B9IV-V,Tri
105235,,21.38347,-22.669048,5.63,M0III,Cap
28742,,6.082878,4.158671,5.63,G4III,Ori
119127,Alrakis,17.088714,54.469093,5.63,F7 V,Dra
40718,,8.333486,-71.505377,5.63,A0p,Vol
77748,,15.925023,-26.265993,5.63,A3V,Sco
103696,,21.076292,5.502862,5.63,K5III,Equ
8347,,1.795668,63.852501,5.63,K0V,Cas
40531,,8.297338,59.571133,5.63,A7IV,Lyn
80761,,16.543246,5.52122,5.63,B9.5III,Her
52256,,10.711997,-32.715673,5.63,A0V,Ant
107232,,21.787212,2.686124,5.63,A1V,Peg
33998,,7.068124,-5.323979,5.63,K3III,Mon
72347,,14.838814,82.511944,5.63,F9V,UMi
78767,,16.127094,9.891743,5.63,A7V,Ser
100581,,20.459517,38.440332,5.63,A3V,Cyg
83378,,17.092294,-0.89207,5.63,B1V,Oph
60826,,12.504846,-23.696419,5.63,M0III,Crv
56341,,11.584695,54.785419,5.63,K0III,UMa
90406,,18.503295,-18.728794,5.63,K0III,Sgr
115989,,23.577279,33.497328,5.63,K0III:,Peg
72873,,14.939724,49.628449,5.63,F7V,Boo
63800,,13.115069,-35.862033,5.63,A0V,Cen
42319,,8.653257,65.020907,5.63,G1.5Vb,UMa
36425,,7.514638,68.465621,5.63,K2III,Cam
66551,,13.683986,22.495768,5.63,G9III,Boo
93423,,19.082741,31.744072,5.63,M0III,Lyr
90261,,18.474198,-38.995671,5.63,A2m...,CrA
56506,,11.621074,-75.896544,5.64,F1III,Cha
56349,,11.58703,-47.37258,5.64,M3III,Cen
49723,,10.182184,-8.418462,5.64,K2III,Sex
96104,,19.600459,-24.719081,5.64,A1m...,Sgr
20433,,4.390294,16.77726,5.64,A1m,Tau
105513,,21.43968,-37.829429,5.64,K2III,Mic
44228,,9.032774,-0.482673,5.64,K0III,Hya
3564,,0.760862,74.988073,5.64,A2IV,Cas
56150,,11.546693,-40.436194,5.64,M1III,Cen
20037,,4.306444,21.579297,5.64,F0V,Tau
81722,,16.745165,-40.839675,5.64,B3V,Sco
14403,,3.106579,13.18725,5.64,K3III,Ari
36626,,7.555434,-19.412525,5.64,K0III,Pup
47566,,9.725906,29.974473,5.64,A2IV,Leo
12121,,2.610531,12.447639,5.64,F7V,Ari
110721,,22.500503,32.572638,5.64,B9.5V,Peg
76514,,15.672598,-73.446685,5.64,B8IV,Aps
100264,,20.398106,-42.422868,5.64,A3V,Sgr
25217,,5.407914,-16.975781,5.64,A0V,Lep
96500,,19.6787,-0.621233,5.64,A3IV,Aql
75501,,15.470947,-16.716484,5.64,K4III,Lib
114586,,23.282659,-62.001198,5.64,F7V,Tuc
92478,,18.90368,27.909528,5.64,K4III,Lyr
64402,,13.242023,11.331656,5.64,M0III,Vir
82932,,17.001745,-54.597179,5.64,A3V,Ara
35087,,7.270965,-46.774533,5.64,K4III,Pup
22492,,4.852594,48.740685,5.64,G9III,Aur
63713,,13.097853,45.26855,5.64,K1III,CVn
37483,,7.713376,-26.351326,5.64,K1III,Pup
104305,,21.196733,59.98661,5.64,B0V,Cep
5071,,1.084821,14.946133,5.64,F4II-III,Psc
33717,,7.018318,-25.215634,5.64,B2/B3III/IV,CMa
73142,,14.993598,39.265333,5.64,F1III-IV,Boo
24853,,5.339615,62.653711,5.64,K4Iab:,Cam
9600,,2.060927,25.935471,5.64,F8IV,Ari
90034,,18.427444,8.032006,5.64,G8III-IV+..,Oph
10189,,2.189189,8.569805,5.64,G0IV,Cet
114948,,23.354305,-26.986769,5.65,G5IV,Scl
73056,,14.977572,-27.657314,5.65,A6IV,Hya
85650,,17.55634,19.256677,5.65,F6V,Her
75079,,15.386265,-60.657176,5.65,F7V,Cir
90367,,18.495823,77.547068,5.65,K4III,Dra
23112,,4.983713,-16.376027,5.65,F5V,Lep
74814,,15.334763,51.958515,5.65,A4V,Boo
73312,,15.030754,-83.227646,5.65,G8/K0III,Oct
36067,,7.449856,-23.086023,5.65,B1II,CMa
94325,,19.254822,21.232118,5.65,A4V,Sge
73544,,15.079711,-83.038311,5.65,G8Ib,Oct
10281,,2.213206,-2.393637,5.65,F8V,Cet
98159,,20.005621,-33.703452,5.65,F7V,Sgr
94425,,19.274108,14.544616,5.65,B9.5V,Aql
53161,,10.904938,-13.758036,5.65,K0III + (G),Crt
32990,,6.88856,-19.032763,5.65,A9/F0III,CMa
65317,,13.430657,-70.627248,5.65,Ap,Mus
65584,,13.486945,10.81831,5.65,K0III,Vir
47824,,9.773225,1.785586,5.65,F4IV,Sex
28685,,6.072296,-32.17243,5.65,B2V,Col
74952,,15.363507,-48.317628,5.65,G2V,Lup
62130,,12.772928,9.539684,5.65,K1III-IV,Vir
12215,,2.628278,-3.396175,5.65,G5III:,Cet
28413,,6.013661,-51.216319,5.65,A1m...,Pic
39102,,8.020525,4.879824,5.65,A1V,CMi
85031,,17.428155,60.048398,5.65,A1Vn,Dra
17890,,3.834564,44.967856,5.65,G2III...,Per
99428,,20.238617,-52.44577,5.65,K4III,Tel
76284,,15.62755,69.283344,5.65,M0III,UMi
26330,,5.61916,-80.469122,5.65,G3IV,Men
62305,,12.807297,-27.597384,5.65,G8III,Hya
108354,,22.019232,8.257164,5.65,K5III,Peg
1286,,0.269126,-31.446394,5.66,K2III,Scl
106513,,21.642205,5.771742,5.66,A9IV-Vn,Peg
67757,,13.920042,-52.160822,5.66,B8V,Cen
21905,,4.719249,-30.765557,5.66,K3III,Cae
83892,,17.204502,-39.506949,5.66,A0/A1V,Sco
106801,,21.702809,1.285253,5.66,K2III,Aqr
17542,,3.76646,45.681899,5.66,B6V,Per
24940,,5.353524,29.569884,5.66,A1Vs,Aur
85528,,17.530439,28.407499,5.66,A1V,Her
113202,,23.001607,-25.16418,5.66,K0IICNIII,PsA
50466,,10.337977,-47.69909,5.66,K5/M0III,Vel
52889,,10.853067,56.58225,5.66,K2III,UMa
116225,,23.627655,-13.060243,5.66,K0III,Aqr
115543,,23.483598,-63.110656,5.66,Ap Si,Tuc
46378,,9.486845,-20.749127,5.66,K4/K5III,Hya
59286,,12.19755,25.87028,5.66,K4III,Com
50378,,10.318083,-64.676258,5.66,A1V,Car
80549,,16.496367,-14.550879,5.66,G5III/IV,Oph
36875,,7.601082,-14.492771,5.66,B2/3V(n),Pup
39806,,8.152641,-48.684413,5.66,B8Ib/II,Vel
32388,,6.777505,-10.10736,5.66,B9.5V,Mon
96193,,19.617595,-18.231052,5.66,K0III,Sgr
101019,,20.539915,-9.853384,5.66,G3V,Cap
42253,,8.639504,53.401539,5.66,G8IV,UMa
60240,,12.38933,-24.840669,5.66,K1III,Crv
18046,,3.86673,6.534907,5.66,B5V,Tau
39844,,8.159342,-56.085384,5.66,A3m...,Car
21770,,4.690032,48.300881,5.66,A0V,Per
95323,,19.449022,-29.743225,5.66,B8/B9V,Sgr
3471,,0.740612,47.863984,5.66,B5V...,Cas
39829,,8.157926,-16.248922,5.66,B4V,Pup
9967,,2.144606,58.423601,5.66,A1Ia,Per
36916,,7.608789,46.180288,5.66,M0III,Lyn
7554,,1.624389,-84.769593,5.66,K0III,Oct
17485,,3.752705,24.83926,5.66,B8V,Tau
102618,,20.857844,28.250505,5.66,F5Ib,Vul
111457,,22.647629,-33.081347,5.66,A0V,PsA
71557,,14.683721,-36.134858,5.67,Ap Si,Cen
73859,,15.139939,26.301152,5.67,K2III,Boo
14485,,3.125541,-78.989244,5.67,F2II-III,Hyi
90688,,18.556426,-38.725985,5.67,B9.5,CrA
654,,0.134303,-33.529326,5.67,K1III,Scl
41074,,8.405637,-80.914202,5.67,G8III,Cha
18758,,4.029482,9.998017,5.67,B5V,Tau
16468,,3.542992,-50.378646,5.67,K3III,Hor
80431,,16.470881,-58.599795,5.67,B9III,Nor
102631,,20.860681,-62.429335,5.67,A2,Pav
2377,,0.507242,-48.21491,5.67,F2V,Phe
20001,,4.299776,-80.214033,5.67,K2/K3III+..,Men
43461,,8.876284,32.474157,5.67,A8Vms,Cnc
79159,,16.204456,-28.417305,5.67,B9V,Sco
42445,,8.676461,-45.191103,5.67,M0III,Vel
26132,,5.583613,-6.00927,5.67,B1Vvar,Ori
30026,,6.334507,14.651127,5.67,K3Ib,Ori
5482,,1.17188,42.081475,5.67,F8V,And
80069,,16.396437,61.696461,5.67,G8III,Dra
24052,,5.178585,46.96207,5.67,F5V,Aur
25999,,5.558786,18.540231,5.67,B2IV-Ve,Tau
21242,,4.568963,5.568616,5.67,A2Vs,Tau
104102,,21.156052,-73.172968,5.67,G3IV,Pav
96212,,19.621498,16.462802,5.67,G8IIIvar,Sge
88723,,18.165004,3.119827,5.67,F5V,Oph
53981,,11.075343,-47.679103,5.67,A8III/IV,Vel
51653,,10.583933,8.650425,5.67,A2V,Leo
92705,,18.945851,57.814851,5.67,K1III,Dra
28741,,6.082829,5.41997,5.67,G7III:,Ori
105362,,21.409445,26.17456,5.67,A8III,Vul
41125,,8.415328,-23.153745,5.67,A1III/IV,Pup
47823,,9.773147,11.810043,5.67,K4III,Leo
10489,,2.25794,-67.746366,5.67,K2III,Hyi
98529,,20.073098,-0.709309,5.67,K4III,Aql
71928,,14.75839,0.717271,5.68,B9.5V,Vir
102980,,20.930501,47.417656,5.68,B8Ia,Cyg
34382,,7.145098,-70.497087,5.68,F2,Vol
47054,,9.616725,-25.296759,5.68,K0III,Ant
17267,,3.705263,19.700254,5.68,B9Vn,Tau
72262,,14.821874,-24.25147,5.68,K3III+...,Lib
72298,,14.828143,48.720804,5.68,F6V+...,Boo
97323,,19.843702,40.599759,5.68,B1III,Cyg
113297,,23.018763,-50.950028,5.68,K3III,Gru
113849,,23.12926,49.295776,5.68,F5V,And
10133,,2.177109,19.500338,5.68,M3III,Ari
60607,,12.459754,55.712724,5.68,M2III,UMa
60768,,12.495344,20.896109,5.68,A3V,Com
57568,,11.840911,-62.649381,5.68,A3Iab,Cen
61465,,12.639557,1.854662,5.68,M3III,Vir
114003,,23.162261,59.332692,5.68,A5III,Cas
100428,,20.427925,21.409642,5.68,G6III,Vul
87044,,17.84122,-53.612406,5.68,B2V + B3V,Ara
379,,0.078304,67.166445,5.68,K1III,Cep
92457,,18.900025,-21.359845,5.68,G8/K0II,Sgr
114087,,23.17851,17.594372,5.68,K4III,Peg
49080,,10.046931,21.949258,5.68,B2.5IV,Leo
41743,,8.534712,-53.21192,5.68,G8III+...,Vel
85668,,17.560941,16.317553,5.68,K0III:,Her
22646,,4.879933,42.586626,5.68,A3III,Aur
101824,,20.699028,41.716875,5.68,B8II-III,Cyg
105156,,21.36678,49.388848,5.68,K0III,Cyg
74667,,15.306807,20.572778,5.68,G5IV,Ser
67019,,13.776573,54.432679,5.68,B9p EuCr,UMa
43876,,8.959777,15.581281,5.68,F0IV,Cnc
16249,,3.4997,-78.35185,5.68,G8III,Men
98064,,19.986261,23.101281,5.68,F0,Vul
24967,,5.358845,-0.416491,5.68,B3V,Ori
116129,,23.606468,2.102222,5.68,F6Vbwvar,Psc
91597,,18.730999,31.926613,5.68,F1III-IV,Lyr
112183,,22.795213,-14.056428,5.68,B9V,Aqr
84433,,17.313479,28.822968,5.68,K0III,Her
32881,,6.866664,23.601718,5.68,K5III,Gem
32728,,6.840416,13.413177,5.68,K3III,Gem
37068,,7.638391,-48.601436,5.68,F4Iab,Pup
101570,,20.649867,30.334265,5.68,K2III,Cyg
84888,,17.400299,-62.864153,5.69,B2IV,Ara
84691,,17.3626,53.420428,5.69,K5III,Dra
106910,,21.723791,38.283589,5.69,A0V,Cyg
19918,,4.281542,61.849989,5.69,B5Vn,Cam
82999,,17.016149,22.632095,5.69,K3III,Her
34488,,7.161951,-25.231034,5.69,B2V,CMa
59649,,12.268763,40.66018,5.69,M1III,CVn
108710,,22.092964,28.963981,5.69,B9Vn,Peg
93100,,19.021488,26.291411,5.69,B5V,Lyr
101553,,20.645552,13.315125,5.69,K3Ib,Del
31062,,6.532864,-58.753835,5.69,B9V,Pic
65387,,13.448922,-41.497562,5.69,K3III,Cen
36930,,7.611398,-19.702338,5.69,B2II,Pup
100032,,20.3532,63.980122,5.69,K5III,Dra
86889,,17.80688,20.565441,5.69,G5IV,Her
13908,,2.993381,-25.274133,5.69,F3V,For
92645,,18.935034,18.10541,5.69,K1III,Her
87850,,17.998946,45.501378,5.69,M0III,Her
25160,,5.395086,-0.159818,5.69,B1.5V,Ori
4665,,1.000988,44.713243,5.69,B9.5Vn,And
103813,,21.100317,-30.12512,5.69,K0/K1III,Mic
64993,,13.361567,2.087243,5.69,A2V,Vir
91849,,18.778701,-10.125048,5.69,F2Ib-II,Sct
25428,,5.452298,30.208603,5.69,B9Ib,Aur
38317,,7.871911,-14.846175,5.69,F2IV/V,Pup
36937,,7.6122,-48.830167,5.69,B9V,Pup
107717,,21.893717,19.668437,5.69,A0Vs,Peg
65857,,13.543307,-28.692768,5.69,A0/A1V,Hya
2543,,0.539939,6.955463,5.69,B9.5V,Psc
98321,,20.032944,-13.637217,5.69,A1IV,Sgr
7449,,1.602361,-29.907317,5.69,F2V,Scl
103344,,21.007691,19.329581,5.69,M3III,Del
54097,,11.099324,-27.287853,5.69,B8V,Hya
9002,,1.935927,37.25183,5.69,G8III...,And
7237,,1.557142,58.327334,5.69,K0Ib+...,Cas
33740,,7.022612,70.808296,5.69,K4III,Cam
85749,,17.57847,-32.581662,5.69,O5/6(e),Sco
90382,,18.498871,-47.220546,5.69,K2III,Tel
78832,,16.141132,8.53431,5.69,M3.5IIIa,Ser
68596,,14.088903,-76.796752,5.69,M6.5III,Aps
71748,,14.720431,-24.997753,5.7,B9.5V,Lib
35390,,7.324494,-16.395244,5.7,F2III/IV,CMa
19462,,4.179935,-8.819814,5.7,G9III:,Eri
8696,,1.869268,50.792794,5.7,B9p...,Per
7926,,1.700833,-36.832305,5.7,A0V,Scl
7906,,1.696655,-60.789339,5.7,K2/K3III,Hyi
194,,0.041584,8.485463,5.7,F0V,Psc
18217,,3.906435,-40.357009,5.7,K0III...,Eri
5820,,1.246992,-0.973795,5.7,F5V,Cet
103057,,20.946479,-26.296378,5.7,F7V,Cap
67634,,13.897507,53.728677,5.7,A0V,UMa
36247,,7.480968,48.18393,5.7,B9MNp...,Lyn
74153,,15.199363,-48.743687,5.7,A3IV,Lup
66111,,13.592027,-5.396191,5.7,G6III,Vir
9203,,1.975973,49.204352,5.7,K0IV,Per
63851,,13.127305,-53.459764,5.7,B8V,Cen
95393,,19.463366,-54.325272,5.7,K4III,Tel
49199,,10.072486,-24.285534,5.7,F0V,Hya
84898,,17.40183,22.960285,5.7,F0IV,Her
15580,,3.35189,3.67562,5.7,G8.5III,Cet
54328,,11.146969,24.658464,5.7,A3IV,Leo
43673,,8.919936,-54.965768,5.7,F6V,Vel
42907,,8.767354,-2.048655,5.7,K0III:,Hya
118351,,5.124227,18.647141,5.7,G4 V,Tau
105311,,21.399672,24.274135,5.7,F1IV,Vul
29787,,6.287816,5.100112,5.7,G0.5Vb,Ori
97655,,19.910459,-8.227289,5.7,B7Vn,Aql
78628,,16.098851,-72.400898,5.7,K1IIICNII,Aps
99182,,20.193007,62.078542,5.7,F5V,Dra
117200,,23.842579,-14.40149,5.7,K4III,Aqr
53543,,10.98715,-33.737595,5.7,F2V,Hya
49794,,10.19624,-58.060544,5.7,B2IVnpe,Car
3709,,0.795339,-18.061339,5.7,K3III,Cet
95524,,19.489951,-43.445195,5.7,Am,Sgr
38328,,7.874929,-54.367165,5.7,B1.5IV,Car
62507,,12.849413,-52.787424,5.7,A5V,Cen
28230,,5.981455,12.808264,5.7,K2III...,Ori
31787,,6.66185,-30.470491,5.7,K1III,CMa
99523,,20.256604,33.729084,5.7,K0III,Cyg
31691,,6.644317,39.390854,5.7,K5III,Aur
61378,,12.616204,17.089536,5.7,K5III,Com
107587,,21.866954,55.796743,5.7,B6IV-V,Cep
106217,,21.580848,-20.084274,5.7,F5V,Cap
521,,0.105277,-49.075191,5.7,G1IV...,Phe
29079,,6.149418,2.499692,5.7,A3Vn,Ori
110895,,22.537851,76.226441,5.7,A2V,Cep
95261,,19.4364,-15.053251,5.71,B7IV,Sgr
97774,,19.933684,16.634799,5.71,G5Ibv SB,Sge
105420,,21.420285,-9.748552,5.71,F0IV,Aqr
92007,,18.810538,-65.077679,5.71,A9V,Pav
88687,,18.159415,3.993276,5.71,F2V,Oph
95956,,19.572161,51.23662,5.71,F7V,Cyg
90218,,18.466326,6.194104,5.71,B8III-IV,Ser
107759,,21.902881,-4.27618,5.71,K2III,Aqr
99898,,20.326863,62.257472,5.71,B9V,Dra
89817,,18.386712,-12.014755,5.71,B5V,Sct
90559,,18.532284,-43.507383,5.71,K2III,CrA
88,,0.017941,-48.809876,5.71,G8III,Phe
28428,,6.016267,47.901923,5.71,B9.5p SiFe,Aur
23613,,5.087832,-26.152391,5.71,K2III,Lep
62346,,12.815059,14.122584,5.71,A1V,Com
60423,,12.422706,-35.186417,5.71,B9IV/V,Cen
59740,,12.291827,28.937189,5.71,A4m,Com
43029,,8.788568,-46.155415,5.71,F0Ib,Vel
1084,,0.22524,41.03537,5.71,F0IV,And
31484,,6.606347,-18.659904,5.71,G8/K0III+..,CMa
34911,,7.242395,12.115824,5.71,G6III,CMi
75436,,15.459193,-64.531504,5.71,K5/M0III,TrA
22828,,4.921847,-16.417767,5.71,G6/G8III,Eri
22808,,4.918562,-16.74067,5.71,G8/K0III,Eri
14894,,3.209209,-57.321549,5.71,C5II,Hor
29161,,6.163322,-22.774343,5.71,F5V,Lep
21225,,4.565202,-6.738908,5.71,B9p Si,Eri
51784,,10.608994,-12.230121,5.71,F7V,Hya
67573,,13.886925,17.932868,5.71,G5III,Boo
16073,,3.459281,-35.681323,5.71,K2III,For
54364,,11.155302,36.309379,5.71,M3.5III,UMa
26280,,5.609915,-6.064752,5.71,B1V...,Ori
41697,,8.525145,24.081105,5.71,F0IIIn,Cnc
5285,,1.129502,-9.78555,5.71,F7IV,Cet
73308,,15.030255,-0.140295,5.71,M2III,Vir
62535,,12.854994,-60.329789,5.71,A2Iab,Cru
49222,,10.076759,53.891716,5.71,F5V,UMa
56451,,11.609706,-33.570057,5.71,K0III,Hya
19505,,4.188967,5.523047,5.71,F4V,Tau
48476,,9.914234,-50.243959,5.71,A0V,Vel
77100,,15.788144,14.115348,5.71,A3V,Ser
40875,,8.365169,-17.586334,5.71,K0III,Pup
95190,,19.422665,-13.89713,5.72,K2III,Sgr
111013,,22.561281,56.624737,5.72,G8III-IV,Lac
1977,,0.418445,53.046786,5.72,B9IV,Cas
34935,,7.246117,-46.849672,5.72,A0p,Pup
112824,,22.919711,-4.987899,5.72,K0III-IV,Aqr
59127,,12.167616,5.807008,5.72,Am,Vir
17492,,3.75441,-47.359476,5.72,K1III,Hor
22033,,4.751156,-21.283383,5.72,K4III,Eri
111621,,22.681299,14.549161,5.72,G3V+...,Peg
75031,,15.377341,63.341439,5.72,K4III,Dra
85626,,17.55202,41.243449,5.72,K1III:,Her
43798,,8.947218,45.631646,5.72,K1IV,Lyn
12041,,2.594095,37.312263,5.72,K4III,And
2347,,0.500655,-3.957332,5.72,M0III,Cet
12497,,2.687222,-0.695653,5.72,F7IV,Cet
75123,,15.397844,-12.369501,5.72,G8III,Lib
29221,,6.1763,-27.154343,5.72,K1III,Lep
43521,,8.889601,61.962268,5.72,F2III,UMa
69541,,14.277423,-66.587894,5.72,B1.5III,Cir
15373,,3.311429,-18.559794,5.72,F3V,Eri
78730,,16.121168,-36.755676,5.72,F0/F2V,Lup
71786,,14.72901,40.459254,5.72,K4III,Boo
42027,,8.591166,-7.982292,5.72,A1spe...,Hya
112947,,22.946613,-47.969221,5.72,Am...,Gru
79425,,16.257955,18.808087,5.72,K3III,Her
85211,,17.466002,-52.297168,5.72,K2III,Ara
117746,,23.959159,-82.169804,5.72,K0III,Oct
3271,,0.69621,-56.501315,5.72,Ap,Phe
20350,,4.367643,14.077198,5.72,A3m,Tau
16129,,3.472416,33.807557,5.72,A2V,Per
46325,,9.474771,8.188298,5.72,K0III,Leo
88362,,18.097114,32.230674,5.72,K0III,Her
59564,,12.252366,70.200008,5.72,K2III,Dra
20790,,4.466883,21.619907,5.72,Am,Tau
48427,,9.904905,-45.283516,5.72,B+...,Vel
72939,,14.953244,16.388128,5.72,G5III:,Boo
10304,,2.217584,15.27986,5.72,M0III,Ari
28838,,6.102603,-66.039621,5.72,A0V,Dor
32653,,6.828143,32.606756,5.72,K3II,Gem
88025,,18.031772,-22.780298,5.72,B0Iab...,Sgr
66208,,13.616412,24.613297,5.72,M2III,Boo
72957,,14.957765,-21.415475,5.72,K4V,Lib
19933,,4.28558,57.860355,5.72,K1III,Cam
27248,,5.786987,14.488322,5.72,A3Vn,Tau
109485,,22.245656,42.95391,5.72,A2Vnn,Lac
45028,,9.19965,-19.747628,5.72,G8III,Hya
31557,,6.62051,-36.990651,5.72,B6IV,Col
48151,,9.844985,-46.933923,5.72,K0IIICN...,Vel
47458,,9.704137,69.237537,5.72,G9III:,UMa
93258,,19.054915,-38.253147,5.73,F2III/IV,CrA
111196,,22.597857,39.634331,5.73,B1Ve,Lac
99507,,20.254806,-27.032977,5.73,K3V,Cap
25131,,5.390006,-39.678423,5.73,M2III,Col
98454,,20.060373,29.896805,5.73,G6IV+...,Cyg
33628,,7.004396,16.078998,5.73,K3Ib,Gem
56859,,11.69286,31.746058,5.73,F4V,UMa
60144,,12.370009,-68.307316,5.73,K0III,Mus
77750,,15.925166,42.566193,5.73,B9p,Her
66191,,13.61346,-26.495198,5.73,A7V+...,Hya
106313,,21.603046,-26.171516,5.73,A7/A8IV,PsA
40657,,8.321437,62.507159,5.73,G8III,UMa
12838,,2.757629,-63.704553,5.73,G8III/IV,Hor
83278,,17.073534,-57.712166,5.73,B5IV,Ara
47056,,9.617384,16.437952,5.73,K1III,Leo
86464,,17.722659,24.327821,5.73,G2IIIb,Her
55631,,11.43254,55.850459,5.73,K0III,UMa
57497,,11.828258,34.931758,5.73,F5IV,UMa
66516,,13.677909,19.955719,5.73,A1V,Boo
44795,,9.15117,-18.328548,5.73,A0/A1V,Hya
20527,,4.408098,34.130758,5.73,B8V,Per
112862,,22.929029,36.35139,5.73,B7III,Lac
95360,,19.457212,52.320436,5.73,A1V,Cyg
21766,,4.688822,28.614994,5.73,A2V,Tau
91686,,18.746722,37.594615,5.73,F0IVvar,Lyr
106819,,21.706376,41.077019,5.73,A0V,Cyg
26900,,5.722686,-18.557475,5.73,A0V,Lep
4190,,0.893839,-62.871352,5.73,M4III,Tuc
67450,,13.863174,-69.401258,5.73,K5/M0III,Cir
37216,,7.662171,-38.139287,5.73,B5V,Pup
31113,,6.54416,-32.030447,5.73,B2V,CMa
50641,,10.369607,41.22953,5.73,F7V,UMa
116721,,23.736676,-64.404451,5.73,K3II,Tuc
82171,,16.844155,29.806538,5.73,M1III,Her
100533,,20.450624,49.383367,5.73,F0V:,Cyg
104641,,21.262738,-53.263084,5.73,A6IV,Ind
39910,,8.174218,25.507334,5.73,G8IV,Cnc
98441,,20.058338,16.031255,5.73,B9MNp...,Aql
53222,,10.916163,34.034798,5.73,G7III:,UMa
78422,,16.058718,76.793939,5.73,A3V,UMi
61020,,12.543334,-13.859105,5.74,F3IV/V,Crv
75743,,15.515514,64.208693,5.74,K0III-IV,Dra
16103,,3.46693,-11.2866,5.74,K2III,Eri
74521,,15.276859,-60.903996,5.74,B0.5V,Cir
26279,,5.609784,54.428658,5.74,M0III,Aur
87864,,18.002526,80.004095,5.74,K2Vvar,Dra
17300,,3.711871,59.969391,5.74,K4Ib,Cam
38670,,7.938514,-60.526436,5.74,K4II,Car
87766,,17.982135,-36.858376,5.74,G8III,Sgr
106543,,21.649339,57.489037,5.74,O6 (f),Cep
66456,,13.666622,-49.949956,5.74,M8III,Cen
72024,,14.774724,-47.441116,5.74,A1V,Lup
88409,,18.104221,-4.751252,5.74,K1IV,Ser
71342,,14.636837,43.64213,5.74,K2III,Boo
28912,,6.115976,-21.812299,5.74,M3II/III,Lep
33190,,6.921853,25.375697,5.74,G0V,Gem
71227,,14.61226,-40.21158,5.74,B8V,Cen
98021,,19.978116,-69.163957,5.74,Am,Pav
34297,,7.130414,7.471214,5.74,K0III:,CMi
41182,,8.426538,2.102209,5.74,K5III,Hya
44376,,9.066778,54.283887,5.74,A2V,UMa
11971,,2.578507,-7.859445,5.74,K4III,Cet
116758,,23.744643,-78.791442,5.74,K1III,Oct
67726,,13.913646,-67.6521,5.74,K2III,Cir
81484,,16.695134,1.181231,5.74,F2.7III-IV,Oph
14641,,3.160206,29.07708,5.74,B8III,Ari
1351,,0.282513,61.533185,5.74,G8III,Cas
52336,,10.73089,-64.249042,5.74,B3:V,Car
81859,,16.772563,-58.503595,5.74,B2IV-V,Ara
91033,,18.625974,62.526591,5.74,A0V,Dra
90384,,18.499086,-57.523143,5.74,K0III,Pav
20774,,4.462788,-62.521206,5.74,K0III,Ret
50306,,10.300583,65.108351,5.74,A8III,UMa
82941,,17.002641,-24.98907,5.74,F3V,Oph
84512,,17.326961,80.136399,5.74,K5III,UMi
46680,,9.539003,-19.400303,5.74,A4III,Hya
65389,,13.449205,78.643869,5.74,G2.5IIIb,Cam
32724,,6.839819,-31.706057,5.74,B3V,CMa
90709,,18.560839,-14.853614,5.74,A0/A1V,Sct
45830,,9.373331,-46.047445,5.74,G6/G8III,Vel
79109,,16.193899,23.494801,5.74,M4IIIa,Her
52187,,10.696747,68.443499,5.74,K3III,UMa
78043,,15.982821,-65.037585,5.74,B7III,TrA
54668,,11.225219,-59.619318,5.74,B1.5V,Car
116947,,23.787754,-11.911126,5.74,K0III,Aqr
55913,,11.494957,15.413269,5.74,K4III,Leo
71054,,14.577676,49.368354,5.74,M1III,Boo
86048,,17.635973,-10.926268,5.74,K0III,Ser
35545,,7.354864,45.2282,5.74,A7s,Lyn
42804,,8.747758,-37.147249,5.74,B2III,Pyx
70885,,14.541926,55.39801,5.74,K5III,Dra
77409,,15.851891,-55.055533,5.74,B2II,Nor
12607,,2.706094,20.011465,5.74,A0V,Ari
12090,,2.602574,-30.044978,5.74,G8/K0III,For
30767,,6.477568,-32.371279,5.74,B5IV,CMa
3759,96 G. Psc,0.806382,5.280615,5.74,K2V,Psc
107822,,21.914766,56.611227,5.74,B8Ibvar,Cep
23419,,5.045828,-22.795052,5.74,K1IV,Lep
108863,,22.124608,19.475526,5.74,F2V:,Peg
32612,,6.821225,-2.272038,5.75,B8IIIn,Mon
65261,,13.418522,23.854419,5.75,A3IV,Com
36293,,7.489474,-10.326664,5.75,K5III,Mon
62824,,12.915702,47.196722,5.75,M5III,CVn
32937,,6.880408,8.380373,5.75,F0Vn,Mon
14026,,3.019451,-7.663012,5.75,K0II,Eri
62697,,12.889416,-60.328489,5.75,B9Ia,Cru
31857,,6.674679,77.995782,5.75,K5III,Cam
35060,,7.26588,27.897419,5.75,M1III,Gem
101877,,20.709755,82.531158,5.75,A0V,Dra
104027,,21.142417,-63.92826,5.75,K0III,Pav
104180,,21.17099,53.5631,5.75,B9III,Cyg
105662,,21.468955,32.22533,5.75,F0V,Cyg
29152,,6.162218,23.113466,5.75,B2.5Ib,Gem
30754,,6.476136,30.493034,5.75,F5.5Ibv,Aur
34269,,7.122941,-23.840722,5.75,B2V:nn,CMa
101761,,20.689902,-31.598289,5.75,M1III,Mic
34629,,7.189741,26.856587,5.75,A4IV,Gem
7262,,1.561899,-7.025341,5.75,G2IV,Cet
104943,,21.324652,49.510294,5.75,B6V,Cyg
32531,,6.805296,-1.318922,5.75,F1V,Mon
73838,,15.136703,-40.58393,5.75,B8IV Si,Lup
25954,,5.552049,-35.139376,5.75,K0III,Col
41397,,8.466506,-35.113761,5.75,B2V,Pyx
24368,,5.241346,-35.976996,5.75,G8III,Col
86515,Alruba,17.733103,53.801715,5.75,A2V,Dra
54679,,11.227611,-53.231813,5.75,K2III,Cen
108677,,22.086481,26.673689,5.75,K2III,Peg
78766,,16.126782,-12.74541,5.75,B9V,Sco
115390,,23.45205,42.91201,5.75,B9III,And
22883,,4.935299,52.869761,5.75,A2Vs,Cam
43674,,8.920119,-18.241189,5.75,K2/K3III,Hya
97163,,19.811683,11.815896,5.75,F2V:+...,Aql
80133,,16.407037,55.205096,5.75,A2svar...,Dra
84926,,17.40876,16.301006,5.75,A3V,Her
109677,,22.285139,-5.387164,5.75,G6III,Aqr
109757,,22.303505,62.804388,5.75,K3III,Cep
10692,,2.29996,57.89982,5.75,K3III,Per
98167,,20.006418,-66.94936,5.75,K0IV,Pav
7901,,1.695787,-11.324669,5.75,F5V+...,Cet
115171,,23.403681,-51.891174,5.75,M0III,Gru
74011,,15.171843,-26.332621,5.75,K0III,Lib
19476,,4.183061,33.586792,5.75,K1II-III,Per
48842,,9.993395,29.645233,5.75,G9III:,Leo
74354,,15.238658,-70.079476,5.75,N0v,TrA
59049,,12.148281,-44.325989,5.75,A3III,Cen
46524,,9.512804,-31.889222,5.75,A0,Ant
99775,,20.306876,55.397095,5.76,A2Vs,Cyg
79812,,16.340345,-55.139706,5.76,G6III,Nor
22272,,4.809037,-16.329484,5.76,F8V,Eri
103341,,21.005976,-51.265312,5.76,F5IV-V,Ind
68058,,13.977479,21.696219,5.76,A0Vs,Boo
95276,,19.440037,13.023801,5.76,F6III,Aql
80652,,16.520398,22.195458,5.76,K5III,Her
83112,,17.038526,25.50562,5.76,G7III:,Her
110849,,22.527168,-85.967253,5.76,K0III,Oct
44808,,9.153198,-12.357706,5.76,G6III,Hya
109274,,22.206235,63.291035,5.76,M3III,Cep
91568,,18.727035,-64.551425,5.76,K0III,Pav
64939,,13.349367,-46.880008,5.76,K1III,Cen
51413,,10.532622,-45.06671,5.76,B9,Vel
97617,,19.902299,-8.574211,5.76,K5III,Aql
21139,,4.543765,-3.209541,5.76,B9III,Eri
97505,,19.877143,-54.971026,5.76,G8/K0III,Tel
61186,,12.578448,-44.673018,5.76,G4IV,Cen
31657,,6.639725,28.984354,5.76,B9npe...,Aur
84910,,17.405221,-60.673799,5.76,B8Ib/II,Ara
18167,,3.894081,48.650495,5.76,K0III,Per
95839,,19.54828,-53.185618,5.76,Am,Tel
84809,,17.38531,-56.525547,5.76,G8/K0III,Ara
65215,,13.40923,-5.16401,5.76,F3V,Vir
91039,,18.626656,-0.309472,5.76,A2V,Ser
62381,,12.821516,27.552379,5.76,A2V,Com
16244,,3.498656,-42.634256,5.76,A5V,Eri
38362,,7.879961,-5.428257,5.76,F5IVs,Mon
37223,,7.663299,-38.260652,5.76,B3III,Pup
113143,,22.986615,11.728844,5.76,A7V,Peg
64240,,13.209145,11.556096,5.76,M0III,Vir
73956,,15.15831,-67.084133,5.76,F8Iab-Ib,TrA
29360,,6.200372,19.790543,5.76,B9.5V,Ori
76333,,15.637833,46.797751,5.76,F2V,Boo
12659,,2.717451,55.106019,5.76,B7IIIp...,Per
56276,,11.572764,3.060165,5.76,F5V,Leo
110439,,22.443718,4.393766,5.76,F7V,Peg
105355,,21.406893,-41.006695,5.76,A0III,Mic
17537,Asterope,3.765132,24.554511,5.76,B8V,Tau
72152,,14.799322,-26.646155,5.76,B9.5V,Hya
20218,,4.34479,6.130798,5.76,G8III-IV,Tau
117388,,23.880702,-8.996756,5.76,K0III,Aqr
26154,,5.587631,-33.079724,5.76,K0III,Col
41970,,8.578858,36.419619,5.76,A2Vnn,Lyn
110256,,22.407517,-13.529369,5.76,K0III,Aqr
7736,p Eridani,1.663169,-56.1964,5.76,K0V,Eri
84432,,17.313287,-44.129746,5.76,B9V,Sco
77808,,15.934982,-60.482477,5.76,A3V,TrA
90480,,18.517903,16.928556,5.76,A2V,Her
30518,,6.428793,-48.176898,5.76,B9V,Pup
85991,,17.625304,24.309991,5.76,A2Vn,Her
13620,,2.930138,18.33164,5.76,M6IIIvar,Ari
8974,,1.930844,23.577322,5.76,K1III,Ari
89690,,18.356385,-18.859999,5.76,F8II,Sgr
30763,,6.477061,-17.466009,5.76,K0III,CMa
101101,,20.554894,-80.964862,5.76,G6/G8II,Oct
72261,Merga,14.821853,46.116205,5.76,F7IVw,Boo
16470,,3.543319,9.373438,5.76,B9IV,Tau
87564,,17.944955,-28.065394,5.76,A7III/IV,Sgr
29996,,6.328043,-34.396591,5.76,B9V,Col
49886,,10.213435,4.61468,5.77,K0III:,Sex
46880,,9.581508,72.205679,5.77,F7V,UMa
34794,,7.218665,-11.251341,5.77,K0,CMa
64486,,13.258882,40.855199,5.77,A7V,CVn
52301,,10.722478,4.747669,5.77,K3III+...,Sex
114916,,23.348123,38.182326,5.77,F5V,And
54651,,11.220746,-44.372216,5.77,K5/M0III,Cen
55911,,11.494061,-24.464011,5.77,A0V,Crt
35843,,7.409292,27.637857,5.77,F0:III:,Gem
40229,,8.237017,-35.490019,5.77,K1III,Pup
38884,,7.98071,-60.824462,5.77,B2IVnpe,Car
37263,,7.67075,38.344539,5.77,M0III,Lyn
59425,,12.223623,-38.929188,5.77,B4III,Cen
46093,,9.424253,-61.950476,5.77,A4V+...,Car
40042,,8.199991,-46.644351,5.77,F7p,Vel
114413,,23.249611,-41.105397,5.77,K2III,Gru
67449,,13.863117,-46.898666,5.77,B2Vp,Cen
81392,,16.677413,4.219789,5.77,A1V,Her
106051,,21.549052,49.977629,5.77,A0V,Cyg
117261,,23.855902,9.313351,5.77,M3III,Peg
2000,,0.423391,1.939692,5.77,G5III,Psc
76142,,15.599182,54.630567,5.77,A2V,Dra
117124,,23.824299,1.076131,5.77,A5m,Psc
81054,,16.605958,-2.324584,5.77,K2V,Oph
84879,,17.399338,8.852571,5.77,K1III,Oph
1189,,0.248476,-9.569571,5.77,B9V,Cet
73778,,15.123874,-49.088612,5.77,G8III,Lup
68172,,14.000037,-25.010403,5.77,F6V,Hya
103850,,21.108401,31.184657,5.77,F7.5Ib-IIv,Cyg
20539,,4.410404,33.959686,5.77,F4V,Per
5350,,1.142627,58.263449,5.77,B8V,Cas
87287,,17.887274,6.101424,5.77,F4IV-V,Oph
22283,,4.810107,-5.674045,5.77,F8V,Eri
25519,,5.467114,17.23913,5.77,M1III,Tau
32723,,6.83938,-17.084555,5.77,K3III,CMa
106554,,21.650329,20.265451,5.77,F2V,Peg
25687,,5.498548,1.78926,5.77,B2V,Ori
90522,,18.523804,-10.795836,5.77,B2V,Sct
107544,,21.859513,19.826682,5.78,B8III,Peg
87122,,17.859853,-60.164056,5.78,K0III,Pav
60780,,12.498388,-56.52494,5.78,M1III,Cru
93550,,19.110665,24.250793,5.78,A4III,Vul
27212,,5.781149,9.522343,5.78,G8III,Ori
15837,,3.408249,33.535962,5.78,A0V,Per
8760,,1.881142,-16.92925,5.78,F0V,Cet
77906,,15.955924,-36.185344,5.78,K0/K1III+..,Lup
8031,,1.722151,60.551332,5.78,B8IIIn,Cas
12154,,2.616281,-34.577977,5.78,G1V,For
117519,,23.912951,0.109309,5.78,M5IIb,Psc
77754,,15.925665,-60.177647,5.78,Amvar,Nor
8417,,1.81155,32.69021,5.78,F8V,Tri
29378,,6.20559,32.69338,5.78,M1III,Aur
71982,,14.768319,15.131788,5.78,M5III,Boo
72707,,14.906354,-11.898348,5.78,G7III,Lib
12770,,2.742493,15.311862,5.78,B9Vn,Ari
61305,,12.600289,-39.869505,5.78,A0V,Cen
29315,,6.193496,48.710989,5.78,A3V+...,Aur
36259,,7.484699,-31.456216,5.78,B2IV,Pup
77326,,15.835304,-53.20977,5.78,B8V,Nor
105587,,21.454117,-21.19621,5.78,K3III,Cap
2870,,0.607595,60.326215,5.78,A4III,Cas
24980,,5.3621,8.428556,5.78,B1V...,Ori
25334,,5.433285,-19.695399,5.78,F5V,Lep
86285,,17.687844,-46.92183,5.78,A0V,Ara
43546,,8.896851,-60.353909,5.78,B5III,Car
64128,,13.185805,-42.232891,5.78,F7IV,Cen
38052,,7.820257,-60.283688,5.78,F1V,Car
343,,0.072165,-16.529036,5.78,K0III,Cet
110322,,22.419573,-70.431622,5.78,F3III,Ind
39110,,8.022434,59.047398,5.78,F2:V:,Lyn
32765,,6.847176,-0.540882,5.78,F2V,Mon
14857,,3.203957,27.256968,5.78,B9p Si,Ari
20248,,4.349455,-81.57992,5.78,F0/F2III,Men
1072,,0.222099,-84.993978,5.78,M0/M1III,Oct
49936,,10.224448,-51.755788,5.78,A3IV/V,Vel
58777,Tonatiuh,12.087451,76.905734,5.78,G9III,Cam
82523,,16.916251,-41.150858,5.78,O8Iab+...,Sco
91122,,18.641865,-23.504893,5.78,B8III,Sgr
33826,,7.038193,15.336008,5.78,K1III:,Gem
38102,,7.828054,-66.195974,5.78,B9V,Vol
21096,,4.533845,53.91083,5.78,B0III SB,Cam
35027,,7.260953,7.977742,5.78,M4III,CMi
37117,,7.645528,-36.49683,5.78,B3III,Pup
109125,,22.177065,11.624539,5.78,M1III,Peg
21535,,4.635956,16.033291,5.78,F0V,Tau
102894,,20.913283,-17.922894,5.78,K0III,Cap
44992,,9.192607,-46.583911,5.78,B2IV-V,Vel
18038,,3.864922,34.359119,5.78,B1V,Per
31367,,6.58773,0.890216,5.78,B8Ib,Mon
21971,,4.734811,-8.503571,5.78,B2Ve,Eri
101149,,20.565234,46.693866,5.78,B9sp...,Cyg
34127,,7.094174,9.1858,5.78,M0III,Mon
36742,,7.576333,-27.012275,5.78,K1III,Pup
85439,,17.513056,86.968047,5.78,A2m,UMi
30390,,6.40385,-60.281325,5.78,A0V,Pic
79257,,16.222984,-55.540947,5.78,F2III,Nor
16550,,3.559731,39.899478,5.79,A5m,Per
113541,,23.066566,-41.478896,5.79,K0III,Gru
26104,,5.579106,-73.741277,5.79,M2/M3III,Men
76297,,15.630011,-23.141698,5.79,K0III,Lib
23034,,4.969275,25.050405,5.79,A0V,Tau
12411,,2.670117,-9.452875,5.79,F6V,Cet
110644,,22.486174,26.763198,5.79,K2II,Peg
110232,,22.401912,-4.83702,5.79,A0V,Aqr
82895,,16.992771,-69.268164,5.79,Ap Si,TrA
10517,,2.262789,25.782937,5.79,F6IV-V,Ari
45783,,9.362026,56.699219,5.79,M4IIIa,UMa
45612,,9.32587,-15.834663,5.79,K1/K2III,Hya
21200,,4.559453,-62.823677,5.79,K1III,Ret
97674,,19.913403,36.995676,5.79,Fp,Cyg
51275,,10.501792,38.925132,5.79,A4V,LMi
95495,,19.483608,1.950448,5.79,A0V,Aql
1653,,0.345978,32.911186,5.79,K5III,And
80428,,16.470685,-37.179881,5.79,K1IIICN...,Sco
52327,,10.728702,57.199203,5.79,A0Vs,UMa
108894,,22.130641,21.702926,5.79,B7Vn,Peg
12082,268 G. Cet,2.601357,6.88687,5.79,K3V,Cet
22860,,4.930598,15.040278,5.79,B9V,Ori
43480,,8.880005,-38.724086,5.79,K5/M0III,Vel
23014,,4.963513,23.948562,5.79,G8III:,Tau
42893,,8.765339,-79.504373,5.79,K5III,Cha
78410,,16.055379,36.631787,5.79,A2V+...,CrB
54401,,11.164831,-32.367529,5.79,A1V,Hya
54702,,11.233843,8.060695,5.79,K3III,Leo
42058,,8.597787,-50.969651,5.79,B8 Si,Vel
108413,,22.030718,52.882253,5.79,B5III,Cyg
94139,,19.220463,-25.906786,5.79,K2III,Sgr
17543,,3.766907,67.201605,5.79,F0IV,Cam
27481,,5.834079,9.871218,5.79,G8III,Ori
48202,,9.853347,-59.425774,5.79,K2IIICNp...,Car
63212,,12.99431,-3.811926,5.79,A3V,Vir
106250,,21.588228,-3.983305,5.79,G9III:,Aqr
36149,,7.46435,-11.556867,5.79,B8Vv comp VB,CMa
101696,,20.6757,-16.12418,5.79,K0III,Cap
60277,,12.395765,-38.911381,5.79,B8/B9V,Cen
35924,,7.423686,-25.217767,5.79,B5III,CMa
35899,,7.418977,-13.751978,5.79,F3V,CMa
63976,,13.153454,10.022468,5.79,K0III,Vir
28827,,6.101538,-29.758624,5.79,A1V,Col
88540,,18.130417,26.09734,5.79,A3V,Her
112688,,22.894488,44.749163,5.79,A3m,Lac
90836,,18.586834,18.20341,5.79,A0Vn,Her
15154,,3.263325,57.14062,5.79,A0Ia,Per
7104,,1.52868,-30.283081,5.79,K0III,Scl
66470,,13.669656,-64.576553,5.79,F3III-IV,Cen
29938,,6.316382,-20.925611,5.79,B3II/III,CMa
31909,,6.684845,0.495323,5.79,B8III,Mon
37401,,7.697735,13.480453,5.79,M2III,Gem
4257,,0.909785,19.188417,5.8,A1Vn,Psc
71984,,14.768547,-23.153018,5.8,K0III,Lib
34249,,7.118633,-40.893268,5.8,B3V,Pup
23861,,5.138942,-8.665324,5.8,B8V,Eri
55682,,11.446467,-53.159915,5.8,K0III+...,Cen
41909,,8.567116,-2.151555,5.8,A1V,Hya
55550,,11.416369,11.430292,5.8,K4III,Leo
34881,,7.236347,-3.901779,5.8,K5III,Mon
98504,,20.068399,17.070173,5.8,G1V,Sge
118084,p Eridani,1.663003,-56.19462,5.8,K2 V,Eri
79516,,16.279107,29.150261,5.8,A3V,CrB
43948,,8.978869,-16.132727,5.8,F7/F8IV/V,Hya
108986,,22.14972,-18.519592,5.8,B2III,Aqr
35884,,7.415857,51.887258,5.8,K5III,Lyn
35686,,7.381127,55.281392,5.8,B8V,Lyn
12207,,2.626676,65.745336,5.8,K5III,Cas
3575,,0.76265,-47.551985,5.8,G5IV,Phe
85736,,17.57686,9.5867,5.8,A2V,Oph
38734,,7.949848,15.790281,5.8,K3III,Cnc
52826,,10.838349,-8.897763,5.8,A3m,Sex
92079,,18.824257,-45.8101,5.8,G6IV,Tel
44128,,9.012707,-60.963828,5.8,G8II,Car
111310,,22.620247,75.371811,5.8,M1III,Cep
13800,,2.968114,20.668733,5.8,F5IV,Ari
40751,,8.339158,20.747721,5.8,K1III,Cnc
418,,0.085039,61.31397,5.8,B8MNp...,Cas
5537,,1.186189,37.724121,5.8,B7III-IV,And
59737,,12.291551,53.191331,5.8,K6III,UMa
13022,,2.796568,81.448475,5.8,G8p...,Cep
47363,,9.68393,-57.259542,5.8,K0/K1III,Car
19522,,4.193389,-20.356157,5.8,A1V + (F/G),Eri
47807,,9.769457,6.708556,5.8,M1III,Leo
33161,,6.917427,-20.404876,5.8,A2V,CMa
37603,,7.736027,-36.062505,5.8,F0IV,Pup
112670,,22.891307,-11.616514,5.8,B8IV/V,Aqr
49622,,10.158386,-68.682779,5.8,A0IV,Car
28783,,6.090882,-35.513647,5.8,A0V,Col
72326,,14.832888,28.615832,5.8,A4V,Boo
56432,,11.604987,27.781351,5.8,F0V,Leo
25644,,5.489913,-3.446394,5.8,K1III...,Ori
109663,,22.281268,-9.040067,5.8,K3III:,Aqr
76642,,15.698532,18.464037,5.8,A2m,Ser
50351,,10.310561,-56.110393,5.8,F6V,Vel
18172,,3.895345,57.975141,5.8,A5m,Cam
98201,,20.013424,-45.112918,5.8,A8III,Sgr
171,,0.036139,27.082256,5.8,G3V,Peg
5483,,1.17207,25.457763,5.81,K5III,Psc
116216,,23.625567,44.428994,5.81,B8V,And
11064,,2.380644,41.396297,5.81,F0III-IV,And
90063,,18.432996,29.82893,5.81,A2IV,Her
66931,,13.760249,-26.116009,5.81,A0V,Hya
10845,,2.331739,-55.944796,5.81,K5III,Hor
20414,,4.384909,-24.892157,5.81,K5III,Eri
65042,,13.371191,-52.182956,5.81,B2.5Ib,Cen
32316,,6.764922,-52.409691,5.81,K3III,Car
14153,,3.048849,-46.975036,5.81,K2/K3III,Eri
50242,,10.287378,23.10622,5.81,F8Vw,Leo
114828,,23.331225,42.078044,5.81,M0III,And
64722,,13.307701,34.098304,5.81,K4.5III,CVn
105073,,21.35134,7.354503,5.81,M2III,Equ
16327,,3.514359,-66.489714,5.81,B8V,Ret
117913,,23.991472,33.723878,5.81,F8,And
35107,,7.275515,-38.318928,5.81,B4V,Pup
26480,,5.645424,-40.707306,5.81,B8V,Col
28215,,5.977097,-44.034562,5.81,G8II,Pic
99344,,20.224331,60.640569,5.81,K5III,Cep
94927,,19.372651,-0.252345,5.81,G8III:,Aql
24672,,5.30368,73.268071,5.81,A0V,Cam
77502,,15.871269,55.826713,5.81,G8III:,Dra
98710,,20.103823,53.165688,5.81,F5V,Cyg
113806,,23.120774,-50.686681,5.81,F6.5IV-V+..,Gru
86353,,17.699461,72.156911,5.81,G0V,Dra
66353,,13.645021,-29.560867,5.81,F3V,Hya
12115,,2.609742,7.730026,5.81,K0III:,Cet
17755,,3.809918,-20.902977,5.81,K5III,Eri
53606,,10.999831,-43.80711,5.81,B8/B9V,Vel
89331,,18.286563,-17.373886,5.81,K2III,Sgr
99952,,20.339279,17.792928,5.82,K5III,Sge
65332,,13.435566,72.391476,5.82,M1III,UMi
41503,,8.485436,-44.160413,5.82,B2V,Vel
75713,,15.511223,-16.609464,5.82,K0III,Lib
84948,,17.411675,-21.441479,5.82,K0III,Oph
91249,,18.666774,-7.790799,5.82,K4III,Sct
112724,,22.901935,40.376907,5.82,K0III,Lac
87541,,17.938445,0.670355,5.82,B2IV-V,Oph
28920,,6.117686,-34.312021,5.82,B4Vnn,Col
7064,,1.520444,70.264604,5.82,F6V,Cas
76334,,15.637855,-21.016327,5.82,K0III,Lib
115884,,23.555432,-77.385327,5.82,G2V,Oct
75975,,15.567143,-40.066432,5.82,M2III,Lup
60398,,12.41756,56.777828,5.82,M3III,UMa
93285,,19.058959,1.818768,5.82,A4V,Aql
111250,,22.609846,-31.663789,5.82,K2III,PsA
59546,,12.249884,-20.84422,5.82,K0IIICN...,Crv
64617,,13.2872,-43.979479,5.82,Am,Cen
16299,,3.510262,48.103596,5.82,B8V,Per
22520,,4.857837,-34.906286,5.82,A2/A3V,Cae
16805,,3.613136,0.587758,5.82,G5IV/V +K1IV,Tau
30630,,6.451147,-58.002116,5.82,K3III,Pic
92199,,18.849586,-9.774096,5.82,F2Ib,Sct
78205,,16.014204,4.427363,5.82,K0III:,Ser
73868,,15.143212,25.108635,5.82,K1III,Boo
112231,,22.803067,37.416688,5.82,G8III:,Lac
30999,,6.520304,-35.25884,5.82,G8III+...,Col
17849,,3.826836,63.296967,5.82,A5Vn,Cam
91740,,18.757879,5.500128,5.82,A1V,Ser
55416,,11.385596,-56.779355,5.82,A4:p,Cen
91687,,18.747112,-25.010914,5.82,B8III,Sgr
95487,,19.482523,24.768723,5.82,K0III,Vul
13801,,2.968258,-23.606012,5.82,K2III,Eri
67862,,13.938837,-46.592948,5.82,K0IV,Cen
31096,,6.540885,32.454898,5.82,A3m + A3m,Aur
38051,,7.82024,-46.857717,5.82,B1.5IV,Pup
13075,,2.808913,18.28379,5.83,K1III,Ari
110441,,22.445122,78.785853,5.83,A2m,Cep
26331,,5.619123,26.924473,5.83,B9IV-V,Tau
97067,,19.79105,38.407614,5.83,B8Vn,Cyg
29556,,6.243529,-4.568457,5.83,B5V,Mon
39964,,8.186332,-48.461994,5.83,B3V,Vel
99748,,20.301941,40.732082,5.83,O9V,Cyg
36706,,7.571081,3.371725,5.83,A0Vnn,CMi
103027,,20.940407,50.728598,5.83,F0III,Cyg
45544,,9.311766,-51.560651,5.83,B7Iab,Vel
114019,,23.165955,-42.861292,5.83,F4IV,Gru
45428,,9.285478,-14.574069,5.83,K0III,Hya
35651,,7.373719,-5.982829,5.83,F3IV,Mon
29306,,6.192307,24.420253,5.83,K0III,Gem
104826,,21.303076,-4.519478,5.83,B5V,Aqr
29501,,6.231732,-3.741374,5.83,G8III,Ori
108529,,22.055287,11.386552,5.83,B9.5V,Peg
103478,,21.035834,56.669614,5.83,B8III,Cep
104342,,21.203806,-40.269362,5.83,F5IV,Mic
39269,,8.051156,-32.463548,5.83,K2/K3III,Pup
85499,,17.524298,-80.859134,5.83,M3III,Aps
55868,,11.484621,61.778368,5.83,F5Vawvar,UMa
8527,,1.835714,22.275338,5.83,K1III+...,Ari
81224,,16.640637,-43.398426,5.83,B2.5IV,Sco
62317,,12.810944,60.319822,5.83,F5V,UMa
81043,,16.603113,46.613333,5.83,G8II,Her
3292,,0.700953,66.147592,5.83,G9III-IV,Cas
80109,,16.403008,6.948207,5.83,A2sp...,Her
73338,,15.035119,-28.060611,5.83,A4IV,Hya
67647,,13.899234,-47.128164,5.83,B2IIIe,Cen
58007,,11.932892,56.59856,5.83,K1III,UMa
88541,,18.130434,26.10128,5.83,A3V,Her
85120,,17.445623,48.260065,5.83,A4V,Her
71347,,14.63756,54.023339,5.83,A1V,Boo
70440,,14.453392,-46.134254,5.83,Am,Lup
48609,,9.943192,-33.418496,5.83,K1III,Ant
5011,,1.072084,61.580184,5.83,F6V,Cas
107883,,21.925276,65.320809,5.84,B2.5Ve,Cep
92532,,18.913095,48.859401,5.84,F3III,Dra
99254,,20.207186,-12.617497,5.84,F5V,Cap
9113,,1.962151,27.804381,5.84,M2III,Tri
23094,,4.980829,-82.470512,5.84,G8III,Men
111458,,22.647942,19.522263,5.84,G8II,Peg
94892,,19.364137,-18.308388,5.84,K0III,Sgr
77932,,15.96124,-20.98308,5.84,B3V,Sco
23828,,5.132066,21.704821,5.84,B2Ve,Tau
51988,,10.65213,37.91,5.84,F9V,LMi
12256,,2.638515,-30.194062,5.84,F5V,For
87201,,17.872156,-34.416842,5.84,G8/K0III,Sco
76359,,15.642833,50.423283,5.84,G8III,Boo
22354,,4.821965,32.588191,5.84,A8m,Aur
91178,,18.653968,-47.909767,5.84,A3V,Tel
85627,,17.552052,-41.173066,5.84,B9Ib/II,Sco
95434,,19.472444,2.93003,5.84,B6III,Aql
95286,,19.441302,19.891493,5.84,M0III,Vul
10011,,2.152584,-43.516596,5.84,K1III,Phe
15267,,3.290722,-47.751664,5.84,K2III,Hor
62943,,12.938221,54.099489,5.84,A5m,UMa
64418,,13.245361,-48.957022,5.84,K0IV,Cen
14076,,3.032255,-9.961407,5.84,G6III:,Eri
871,,0.178565,-12.579897,5.84,K0III,Cet
82464,,16.907484,-42.478891,5.84,F5Ib-II,Sco
34931,,7.244993,24.884984,5.84,M1IIIvar,Gem
61723,,12.689723,-46.145581,5.84,K3II,Cen
64383,,13.238153,-78.447454,5.84,F8Ib,Cha
112061,,22.769497,44.546054,5.84,F0III-IV,Lac
11811,,2.547952,34.54241,5.84,K0III,Tri
838,,0.171908,-5.248588,5.84,K1III,Psc
69606,,14.291237,15.26338,5.84,M3III,Boo
88395,,18.102055,-8.323956,5.84,B8III-IV,Ser
19405,,4.166752,86.626139,5.84,F5IV,Cep
36615,,7.552716,-24.710731,5.84,A3III,Pup
56437,,11.606215,-61.052433,5.84,B2.5IV,Cen
6488,,1.391933,-30.945617,5.84,M0III,Scl
74311,,15.231476,-26.193569,5.84,G8/K0II,Lib
34665,,7.19489,-20.883063,5.84,A0IV/V,CMa
50194,,10.278268,25.370705,5.84,K2III:,Leo
81491,,16.695961,-33.145759,5.84,G1II,Sco
70777,,14.521224,-67.717197,5.84,K1III,Cir
105721,,21.483271,22.179436,5.84,M4III,Peg
59426,,12.223872,10.262341,5.85,A2m,Vir
66586,,13.691625,64.822411,5.85,A2V,Dra
52794,,10.828747,-9.852695,5.85,G8III:,Sex
52768,,10.823457,-59.323793,5.85,B9.5IV/V,Car
77135,,15.793867,55.376627,5.85,A3m,Dra
72732,,14.910532,-33.300575,5.85,K2III,Cen
12653,,2.716528,53.526105,5.85,K0II-III,Per
57668,,11.861559,-30.834809,5.85,F8V,Hya
76274,,15.625562,54.508733,5.85,K1III:,Dra
73872,,15.144223,-42.867921,5.85,B7V,Lup
94042,,19.201416,49.855755,5.85,G4V+...,Cyg
117354,,23.874998,-14.251217,5.85,K2III,Aqr
111292,,22.616346,-40.591034,5.85,A1V,Gru
113262,,23.011917,3.011805,5.85,K4III,Psc
34726,,7.207327,24.128594,5.85,F5IV,Gem
33290,,6.942238,46.273998,5.85,B8III,Aur
18559,,3.981221,-5.469947,5.85,G9V,Eri
95057,,19.399027,43.388171,5.85,G6.5IIIa,Lyr
114279,,23.224029,11.065001,5.85,G5III:,Peg
21551,,4.637731,20.684722,5.85,B8V,Tau
20221,,4.345232,-7.592493,5.85,B5III,Eri
45255,,9.249213,-37.602396,5.85,K0/K1III+..,Vel
45182,,9.235615,-44.145822,5.85,B6IV,Vel
44278,,9.045783,7.298267,5.85,K3III:,Cnc
91156,,18.648168,-21.051871,5.85,G5V,Sgr
48595,,9.940549,8.933157,5.85,K2III:,Leo
87829,,17.993545,-4.821126,5.86,K5III,Oph
13305,,2.861594,46.841939,5.86,G8III,Per
23420,,5.045943,-4.210121,5.86,K3,Eri
33849,,7.04258,16.674447,5.86,M2III,Gem
35250,,7.301181,-43.986786,5.86,B8II/III,Pup
100412,,20.424119,-28.663269,5.86,G8II/III,Sgr
16948,,3.641459,-7.391863,5.86,G5III:,Eri
93862,,19.166015,-41.892256,5.86,B5V,CrA
36296,,7.490455,-7.551168,5.86,F8V,Mon
117135,,23.828044,36.425281,5.86,G1IIIe,And
72341,,14.837723,23.911844,5.86,G2V,Boo
46485,,9.506246,-15.577352,5.86,K2III,Hya
10302,,2.21694,-21.000137,5.86,K0III,Cet
81921,,16.788818,42.238918,5.86,M4IIIa,Her
30966,,6.51309,58.162633,5.86,K0IV,Lyn
84790,,17.382007,-58.010327,5.86,G8Ib/II,Ara
46603,,9.52584,-35.71475,5.86,K3III,Ant
20291,,4.357511,-0.09817,5.86,K2,Eri
99741,,20.300388,-21.80996,5.86,G8III,Cap
8372,,1.803038,16.955551,5.86,B9.5V,Ari
49752,,10.186884,37.4019,5.86,K3III,LMi
82369,,16.89034,-20.415555,5.86,G5IV,Oph
40242,,8.239965,-45.834522,5.86,B2IV-V,Vel
61527,,12.650962,-30.422387,5.86,K2/K3III,Hya
1369,,0.285845,47.947405,5.86,B7III,Cas
88822,,18.184876,-41.359113,5.86,F0Vn,CrA
88838,,18.187714,-75.89151,5.86,K3III,Aps
69706,,14.310627,-18.715968,5.86,Ap Si(Cr),Vir
78858,,16.145478,-23.685416,5.86,B9V,Sco
79080,,16.188256,-41.119803,5.86,F0IV,Sco
116014,,23.583065,71.642043,5.86,K0Ib,Cep
3742,,0.802487,72.674482,5.86,K0IV,Cas
43247,,8.833953,-29.462997,5.86,G8III,Pyx
77305,,15.83264,-48.912408,5.86,A2IV,Nor
112637,,22.883963,16.841194,5.86,K1III SB,Peg
48753,,9.973019,72.879509,5.86,K3III:,UMa
70958,,14.558325,-52.679522,5.86,K0III,Lup
53622,,11.003248,-14.083368,5.86,K5III,Crt
70959,,14.559004,-54.998628,5.86,F6IV-V,Lup
61227,,12.585602,21.881384,5.86,K1III,Com
102441,,20.821559,-25.78124,5.86,B8II,Cap
25424,,5.451478,-40.94351,5.86,A7m,Col
21919,,4.722665,49.973789,5.86,B9III,Per
88957,,18.209482,-73.672417,5.86,F5V,Aps
76816,,15.733839,2.515173,5.86,G5V,Ser
38599,,7.925398,8.86284,5.86,F2IV,CMi
25822,,5.526666,-45.925317,5.86,K3III,Pic
45454,,9.291005,-74.734591,5.86,A0V,Car
96774,,19.729192,41.773108,5.86,M0III,Cyg
29543,,6.241273,17.906353,5.86,A6m,Ori
39080,,8.01552,25.392836,5.87,G8III:,Cnc
5913,,1.269972,71.743842,5.87,K1V,Cas
83991,,17.221673,-67.196591,5.87,K0III-IV,Ara
105072,,21.351199,-4.560125,5.87,G7III:,Aqr
100248,,20.395658,37.476449,5.87,B2Vne,Cyg
208,,0.043357,66.098966,5.87,G8III,Cas
102560,,20.844938,-12.544906,5.87,K1III,Aqr
69742,,14.316922,-25.815426,5.87,F7Vw,Hya
70434,,14.451973,-65.821646,5.87,K3III,Cir
37807,,7.769596,-37.93367,5.87,B5V,Pup
30593,,6.444329,-1.507336,5.87,A3Vn,Mon
39073,,8.013875,-54.151275,5.87,B5Vn,Car
46519,,9.512006,33.655711,5.87,G8III:,LMi
85956,,17.619125,72.455794,5.87,G9III,Dra
90357,,18.493253,23.866202,5.87,B6IV,Her
55597,,11.425862,-37.747575,5.87,M3III,Cen
35528,,7.351204,-25.891643,5.87,M3III,CMa
67622,,13.895306,-53.373323,5.87,B5III,Cen
77673,,15.910981,-25.243741,5.87,B8III/IV,Sco
86580,,17.745002,-42.729302,5.87,A2/A3IV/V,Sco
26422,,5.633644,7.54142,5.87,B8III,Ori
62165,,12.779508,-33.315483,5.87,K3III,Cen
9552,,2.049602,-15.305932,5.87,K0II/III,Cet
109384,,22.227415,28.608017,5.87,K2III,Peg
32667,,6.83051,16.202888,5.87,B7III,Gem
35244,,7.300616,40.883392,5.87,A5Vn,Aur
36341,,7.499925,-52.651157,5.87,K0III,Car
52687,,10.803921,-31.68785,5.87,A1V,Hya
98105,,19.996485,-9.958238,5.87,F8V,Aql
27464,,5.831528,-22.971872,5.87,A1V,Lep
6212,,1.330082,-0.509029,5.87,A7V...,Cet
99569,,20.266837,45.579525,5.87,F5V:,Cyg
31585,,6.627332,56.857531,5.87,A2V,Lyn
27941,,5.925048,-4.616546,5.87,K2III:,Ori
20752,,4.457991,11.2123,5.87,B8IV,Tau
62445,,12.836321,37.516937,5.87,A3V,CVn
31082,,6.538668,4.855999,5.88,K0V,Mon
90648,,18.548704,-73.965596,5.88,K0III,Pav
90633,,18.546154,23.616801,5.88,K5III,Her
65345,,13.437943,46.028055,5.88,K0III:,CVn
14052,,3.027115,-28.091554,5.88,G8/K0V,For
103836,,21.10649,71.431797,5.88,F3IV,Cep
32141,,6.727402,3.932528,5.88,B0III,Mon
62207,,12.788594,62.781155,5.88,A9V,UMa
30899,,6.500827,46.685554,5.88,K4III,Aur
31863,,6.675624,71.748786,5.88,K0III,Cam
61365,,12.613154,-5.831898,5.88,A3V,Vir
65118,,13.388582,-4.924427,5.88,K3III,Vir
4336,,0.928444,-7.347149,5.88,K5III,Cet
60989,,12.536089,-73.001056,5.88,K1III,Mus
66982,,13.770435,41.088746,5.88,A5V,CVn
33328,,6.94891,46.705352,5.88,K0III:,Aur
30472,,6.421263,-0.945883,5.88,F8V,Mon
94335,,19.256905,30.526381,5.88,M0III,Lyr
54923,,11.278299,49.47625,5.88,K0III:,UMa
53567,,10.991925,-16.353701,5.88,M1III,Crt
24146,,5.195931,1.037028,5.88,F5,Ori
98297,,20.029086,24.800423,5.88,B4V,Vul
2469,,0.523787,33.581642,5.88,K1III...,And
43898,,8.965434,-48.57291,5.88,G8/K0II,Vel
111045,,22.567476,-1.57427,5.88,G6III,Aqr
114004,,23.162397,-28.088572,5.88,K2III,Scl
110911,,22.54066,39.779733,5.88,A6V,Lac
50541,,10.350943,68.747651,5.88,A7Vn,UMa
97472,,19.870001,-19.044991,5.88,K0III,Sgr
21270,,4.57722,28.96115,5.88,B9p...,Tau
1490,,0.310625,31.517227,5.88,A0IV,And
46487,,9.50651,-58.361839,5.88,M2III,Car
109626,,22.274039,57.220238,5.88,G8III,Cep
11643,,2.508986,25.235036,5.88,F6IV,Ari
82921,,16.999363,-25.092198,5.88,M1/M2III,Oph
19970,,4.294519,-63.255405,5.88,B+...,Ret
19081,,4.100882,68.679972,5.88,K2III,Cam
11321,,2.433431,-15.341247,5.88,Ap SrCrEu,Cet
87189,,17.870461,-34.799196,5.88,B6Ib,Sco
3087,,0.656063,21.250472,5.88,K0V,Psc
106889,,21.717888,-14.399709,5.88,A9/F0V,Cap
111580,,22.672866,-30.658871,5.88,K2/K3III,PsA
41816,,8.54861,38.016368,5.88,K2III,Lyn
73083,,14.98155,-11.144014,5.88,K3III-IV,Lib
40190,,8.230607,56.452246,5.88,G9III,Lyn
28782,,6.090842,-10.242596,5.88,F4V:,Mon
74068,,15.185777,-84.787812,5.88,B9.5V,Oct
40958,,8.380538,-26.34822,5.88,F2Iab,Pup
29605,,6.252334,-20.272186,5.88,K2III,CMa
7587,,1.631959,-82.974995,5.88,G2V,Oct
93718,,19.140507,52.425731,5.88,K1IV,Cyg
74672,,15.307257,-0.461234,5.88,K5III,Ser
26800,,5.703877,-22.373715,5.88,A2/A3V,Lep
29779,,6.285991,-37.253498,5.88,A2V,Col
71127,,14.592079,-41.517436,5.88,B6V,Cen
73265,,15.020303,-38.058398,5.88,K2/K3III,Cen
18688,,4.013545,18.194,5.89,F4V...,Tau
84242,,17.275477,1.210545,5.89,B5Vnn,Oph
69271,,14.227997,-0.845463,5.89,F7Vw,Vir
112475,,22.850818,85.373739,5.89,K5,Cep
72206,,14.810569,-36.634697,5.89,M5III,Cen
65036,,13.369358,5.154764,5.89,A2m,Vir
14466,,3.121947,64.057594,5.89,B9V,Cas
81460,,16.689756,-68.296123,5.89,B7IV,TrA
28067,,5.947069,11.521058,5.89,K2III,Ori
28199,,5.973456,1.837108,5.89,A5me del Del,Ori
1626,,0.340111,30.935614,5.89,B7V,And
79970,,16.374741,-43.912051,5.89,G2Ib,Nor
88195,,18.064568,-24.36073,5.89,O6,Sgr
79117,,16.196556,42.374569,5.89,K4II+...,Her
67392,,13.85256,34.664399,5.89,M2III,CVn
85984,,17.624253,-50.059702,5.89,K0III-IV,Ara
24105,,5.18866,-2.490782,5.89,F5V,Ori
116487,,23.685809,-11.680655,5.89,K0III,Aqr
3163,,0.673659,-59.454604,5.89,G1V,Tuc
104929,,21.322828,38.237473,5.89,F2Ib,Cyg
116552,,23.699081,7.250546,5.89,A3Vn,Psc
2897,,0.613142,15.231725,5.89,B2.5IV,Psc
75336,,15.437389,-68.309167,5.89,K0III,TrA
103128,,20.96129,-16.031539,5.89,A2/A3III,Cap
77206,,15.80956,28.156749,5.89,C00 (F8pe),CrB
19236,,4.133171,17.339897,5.89,K5III,Tau
56119,,11.538888,-66.961823,5.89,K1IIICN...,Mus
92811,,18.967194,38.266188,5.89,B7IV,Lyr
41558,,8.496182,67.297441,5.89,G8III,UMa
37645,,7.74283,-37.942917,5.89,B8V,Pup
95932,,19.569024,-40.034638,5.89,A5IV-III,Sgr
62833,,12.916269,-44.151968,5.89,G2IV,Cen
41889,,8.562077,4.757,5.89,G5III,Hya
95716,,19.522672,26.617171,5.89,K0III-IV,Vul
50715,,10.385091,33.908145,5.89,A6V,LMi
62734,,12.896923,-60.376244,5.89,B5Ia,Cru
40965,,8.381991,-52.12373,5.89,A0V,Vel
54378,,11.160699,43.207736,5.89,M2III,UMa
43002,,8.782227,12.109952,5.89,A1V,Cnc
51893,,10.63407,-57.256309,5.89,B3IV,Car
44179,,9.023369,32.252296,5.89,A2V,Cnc
44155,,9.019027,-68.683916,5.89,M1III,Vol
9334,,2.002544,3.097015,5.89,G2IV,Psc
13914,,2.99441,41.032941,5.89,K2,Per
8982,,1.9318,37.277786,5.89,K5III,And
36925,,7.609641,5.862171,5.89,G0V,CMi
9288,,1.993244,21.05857,5.89,K0III-IV,Ari
101515,,20.638501,-81.289063,5.89,K5III,Oct
40760,,8.340564,57.743278,5.89,F4V,Lyn
13088,,2.81275,25.188064,5.89,A0V,Ari
96921,,19.761096,7.613158,5.89,A3IV,Aql
96314,,19.644769,54.973793,5.89,F6Vasv,Cyg
58683,,12.071277,21.459153,5.89,F0IV-V,Com
114383,,23.243622,74.231268,5.89,A0V,Cep
38158,,7.839957,-50.509468,5.89,K2III,Pup
57930,,11.916672,-63.27918,5.89,A3Ib,Cen
91830,,18.77461,-0.961692,5.89,A2m,Aql
11007,,2.368051,-17.662169,5.89,K2III,Cet
100757,,20.490863,56.06819,5.89,B9Vn,Cyg
11521,,2.480139,29.93176,5.89,G0V,Tri
93279,,19.058242,-68.755544,5.89,F8V,Pav
92025,,18.814829,19.32872,5.89,A1V,Her
58545,,12.043815,-69.192288,5.89,B9V,Mus
11354,,2.443115,-20.042617,5.89,K2III,Cet
7345,,1.580296,18.460512,5.9,M2III,Psc
3825,,0.82054,-24.136672,5.9,K0III,Cet
27904,,5.916387,31.701496,5.9,A5IV,Aur
72070,,14.784747,-38.290639,5.9,K3III,Cen
24237,,5.213369,-6.05719,5.9,G7III,Ori
28751,,6.084276,42.981635,5.9,F3V,Aur
98215,,20.016383,8.557735,5.9,K5III,Aql
67875,,13.941077,1.050581,5.9,A8V,Vir
72860,,14.937008,14.446266,5.9,A0V,Boo
42495,,8.684812,-48.92268,5.9,B1.5V,Vel
28271,,5.989384,49.92454,5.9,G5III,Aur
3449,,0.736683,-38.421686,5.9,K1III,Scl
100741,,20.488997,36.454729,5.9,A1Ib,Cyg
55085,,11.315266,1.650395,5.9,K0III:,Leo
7307,,1.571279,37.237146,5.9,B9IV,And
75467,,15.464287,60.670217,5.9,K5III,Dra
71345,,14.637219,18.298379,5.9,K2III:,Boo
90206,,18.463745,-29.816865,5.9,F8V,Sgr
37887,,7.786821,-22.51951,5.9,B1/B2V,Pup
59846,,12.311199,-0.787184,5.9,A5Vn,Vir
3186,,0.678437,-4.351841,5.9,K0III,Cet
74158,,15.201184,18.976031,5.9,M4III,Ser
57433,,11.810753,14.28421,5.9,F0V,Leo
53375,,10.952183,-50.765018,5.9,A7Vni,Vel
11075,,2.381852,-51.092129,5.9,A5V,Eri
39140,,8.027091,-37.28372,5.9,A3IV,Pup
36536,,7.534934,-8.881326,5.9,F5V,Mon
119548,,23.165305,-22.457364,5.9,A3 (IV),Aqr
330,,0.070462,62.287664,5.9,A1III,Cas
96814,,19.738446,69.337065,5.9,A2III,Dra
34888,,7.237644,-9.947533,5.9,K3III,Mon
19028,,4.088958,22.008905,5.9,G5V,Tau
64310,,13.223156,-50.699829,5.9,B9V,Cen
47409,,9.693087,31.277817,5.9,K6III,Leo
35379,,7.322881,2.740694,5.9,G9III,CMi
20821,,4.473167,14.740974,5.9,F0IV,Tau
43769,,8.941814,40.201474,5.9,F3III,Lyn
46328,,9.47516,-66.701877,5.9,A0V,Car
33285,,6.940509,9.956578,5.9,B8Vn,Mon
114045,,23.16937,-40.591547,5.9,M4III,Gru
85150,,17.453462,-50.63037,5.9,B9II,Ara
48382,,9.895257,5.958573,5.9,M2III,Sex
36042,,7.44513,-34.140692,5.9,B4V,Pup
51408,,10.530937,32.379554,5.9,A0IV,LMi
78637,,16.101772,-23.606315,5.9,B8V,Sco
8388,,1.807227,3.685447,5.91,G9III,Psc
82420,,16.900106,-57.909507,5.91,M0III,Ara
53268,,10.928444,0.736922,5.91,F2III,Leo
114068,,23.174235,43.544232,5.91,F5IV,And
73280,,15.024195,60.204453,5.91,A4V,Dra
20367,,4.372981,20.821416,5.91,M0III,Tau
20330,,4.364392,56.506317,5.91,A3V,Cam
84451,,17.315842,-34.989792,5.91,K4V,Sco
73123,,14.989754,4.567761,5.91,M1III,Vir
11838,,2.551952,-34.649967,5.91,K0/K1III,For
49671,,10.168761,-8.40817,5.91,A1V,Sex
17763,,3.810821,0.227857,5.91,K3III,Eri
95161,,19.41779,-29.309359,5.91,K3III,Sgr
12149,,2.615879,38.733581,5.91,F5V,And
78507,,16.076899,-37.862951,5.91,F3V,Lup
23353,,5.030654,0.722112,5.91,K0,Ori
39882,,8.167719,58.248242,5.91,K4III:,Lyn
53103,,10.891986,69.853881,5.91,G9IV,UMa
72546,,14.876462,-63.809827,5.91,F8II + A/F,Cir
83221,,17.060917,13.605346,5.91,A1V,Her
83234,,17.064146,-38.152572,5.91,F3V,Sco
99696,,20.291918,66.853687,5.91,G3V,Dra
64023,,13.163291,16.848611,5.91,K5III,Com
42333,,8.654898,52.711623,5.91,K1III:,UMa
97464,,19.868658,47.931795,5.91,B2III,Cyg
42053,,8.597493,6.62022,5.91,F8V,Cnc
94261,,19.244319,-45.193527,5.91,G8III,CrA
87220,,17.876512,1.305014,5.91,K5III,Oph
21399,,4.606727,64.261602,5.91,A1V,Cam
10416,,2.242208,-41.166765,5.91,G9III,Phe
53294,,10.933742,6.185371,5.91,M5IIIvar,Leo
17553,,3.769267,6.80352,5.91,G9III,Tau
51461,,10.54267,-44.618508,5.91,G6/G8III,Vel
99213,,20.200195,26.478806,5.91,B7Ve...,Vul
46350,,9.479763,-62.273134,5.91,K1III,Car
49962,,10.229427,-40.346056,5.91,K1III,Ant
94743,,19.337783,57.645129,5.91,M1III,Dra
46601,,9.525601,-31.871831,5.91,A9IV,Ant
82099,,16.826294,13.261141,5.91,A1V,Her
79355,,16.239546,-33.011088,5.91,K0III,Sco
16477,,3.544449,35.461729,5.91,B1V,Per
97287,,19.837238,-47.557392,5.91,M1III,Tel
84789,,17.381874,-37.220786,5.91,K1III,Sco
17576,,3.774286,-29.338157,5.91,A2V,For
64042,,13.167563,38.498981,5.91,A9III-IV,CVn
33334,,6.950145,33.681039,5.91,G5III,Gem
102027,,20.739457,56.488405,5.91,M3III,Cep
67568,,13.886192,28.648131,5.91,A7V,CVn
92886,,18.979701,13.906648,5.91,F0spe...,Aql
66245,,13.623189,-46.427879,5.91,B8V,Cen
15475,,3.332166,27.071134,5.91,G8IV,Ari
72212,,14.812377,-66.593563,5.91,B2.5V,Cir
101542,,20.643053,23.680494,5.91,K0II-III+..,Vul
61910,,12.727236,-1.576996,5.91,G8IIIp,Vir
70889,,14.542374,22.260059,5.91,F2IV,Boo
102156,,20.769441,-21.514032,5.91,A1V,Cap
29606,,6.252353,13.851098,5.91,B1V,Ori
60123,,12.365953,-56.374385,5.91,K4III + (F),Cru
115957,,23.569171,-1.247567,5.91,A2m,Psc
35412,,7.329901,7.142947,5.91,F8V,CMi
92639,,18.93352,-23.173751,5.91,B6III,Sgr
62664,,12.884502,-54.952473,5.91,K3III,Cen
59335,,12.206106,-62.950773,5.91,B9Ia,Cru
14075,,3.031706,26.462354,5.91,A3m,Ari
112814,,22.917399,37.076827,5.91,F5II,Lac
91846,,18.778634,52.98796,5.91,B2.5V,Dra
64375,,13.236699,-58.683937,5.91,K0/K1III,Cen
64261,,13.21355,-66.226747,5.91,A0V(n),Mus
112419,,22.839381,41.953394,5.91,B3IV:var,Lac
34705,,7.203393,-25.942588,5.91,B2IV/V,CMa
103770,,21.09145,78.126392,5.91,B8Vn,Cep
66691,,13.71093,78.064437,5.91,G7III:,UMi
23391,,5.039668,-31.771333,5.92,K2III,Cae
67079,,13.791005,-50.249291,5.92,A3m...,Cen
43466,,8.877391,-48.359097,5.92,B3Vn,Vel
98072,,19.989006,45.772541,5.92,A5III,Cyg
68115,,13.988187,-50.369647,5.92,G8/K0III,Cen
104630,,21.261779,77.012296,5.92,K5III,Cep
107852,,21.919823,-61.886608,5.92,F1III,Ind
30964,,6.512858,-27.769575,5.92,B3IV/V,CMa
25407,,5.44689,34.39181,5.92,A1p,Aur
30913,,6.503132,-10.081511,5.92,K0,Mon
52709,,10.811266,-1.958896,5.92,M2III,Sex
7002,,1.506362,-26.207851,5.92,K2III,Scl
80744,,16.540463,60.823323,5.92,A2V,Dra
32280,,6.756378,-31.793661,5.92,F7V,CMa
114559,,23.277719,-44.489166,5.92,K1III,Gru
64185,,13.197612,-69.942017,5.92,F3IV/V,Mus
110186,,22.392264,-7.194421,5.92,G6V,Aqr
103028,,20.940526,49.195847,5.92,G8II-III,Cyg
14808,,3.195229,81.47071,5.92,A7III-IV,Cep
46764,,9.557237,-22.863883,5.92,B9.5V,Hya
6550,,1.405695,-6.914656,5.92,F4V,Cet
66038,,13.577903,-13.214324,5.92,A0V,Vir
6617,,1.418136,-64.369478,5.92,M0III,Hyi
14877,,3.207146,-44.41966,5.92,F3V+...,Eri
81479,,16.693527,26.91688,5.92,F2III,Her
66666,,13.706379,82.752408,5.92,G9III,Cam
42146,,8.61827,9.65558,5.92,A3V,Cnc
45138,,9.226239,-47.338407,5.92,B9V,Vel
32377,,6.775671,8.587153,5.92,B2.5V,Mon
66998,,13.771964,38.503626,5.92,G9III,CVn
4951,,1.06028,61.074823,5.92,F0II,Cas
62366,,12.81855,83.417832,5.92,A0V,Cam
37258,,7.670425,-19.660861,5.92,K0III,Pup
40766,Piautos,8.34226,24.022314,5.92,B9.5V,Cnc
111713,,22.699293,14.516393,5.92,K0III:,Peg
8571,,1.84777,11.043378,5.92,F2Vw,Ari
73188,,15.003147,-77.16055,5.92,G8II,Aps
41882,,8.560676,-38.848815,5.92,B5III,Vel
26044,,5.567791,-1.470253,5.92,K5III,Ori
3752,,0.804836,7.299928,5.92,G8III,Psc
27896,,5.915746,19.749614,5.92,B2V,Ori
40964,,8.381693,-7.54312,5.92,M1III,Hya
13192,,2.837438,-35.843636,5.92,K0III,For
78880,,16.149689,3.454475,5.93,K5III,Ser
27668,,5.872276,-57.156191,5.93,F7IV,Pic
103504,,21.040873,-38.53097,5.93,K2III,Mic
111887,,22.734782,39.465348,5.93,K5III+...,Lac
103624,,21.063225,53.2859,5.93,K0III,Cyg
90562,,18.532498,-1.002977,5.93,A4III,Ser
81275,,16.651452,-37.21737,5.93,B9.5V+...,Sco
14002,,3.012261,10.870388,5.93,K6,Ari
78897,,16.153115,6.378695,5.93,K1+...,Ser
50740,,10.390688,-4.074035,5.93,B9p Si(CrSr),Sex
15319,,3.300717,-28.797075,5.93,F3V+...,For
16317,,3.512617,6.188703,5.93,G8III,Tau
50847,,10.416516,-58.576303,5.93,F2III,Car
85262,,17.477476,-55.169686,5.93,G8II/III,Ara
79711,,16.319783,49.038159,5.93,K6III,Her
18155,,3.892587,-46.893674,5.93,K3III,Hor
109231,,22.197592,16.040551,5.93,K1III,Peg
13439,,2.892885,-38.437004,5.93,F5V,For
93468,,19.094772,-15.660419,5.93,B8IIIsp...,Sgr
96670,,19.71239,32.426741,5.93,A5III,Cyg
83639,,17.146539,-30.40373,5.93,Fm,Sco
117174,,23.837425,-9.974136,5.93,K0IV,Aqr
635,,0.129693,-22.50856,5.93,A1V,Cet
15990,,3.43959,-27.317479,5.93,K0III,For
28719,,6.077811,-45.078932,5.93,F4V,Pup
84473,,17.320142,-59.694612,5.93,K2IIICN...,Ara
71533,,14.678442,13.534325,5.93,F0V,Boo
92110,,18.82942,32.81282,5.93,B3IV,Lyr
63485,,13.051487,-71.475729,5.93,B1.5IIIne,Mus
33928,,7.058457,29.337081,5.93,G4V,Gem
49024,,10.033361,-60.42089,5.93,A9IV,Car
18676,,4.011292,-30.490697,5.93,A1V,Eri
5582,,1.195419,-2.251079,5.93,K4III,Cet
93329,,19.065985,-51.018604,5.93,K0/K1III,Tel
35208,,7.2927,52.131071,5.93,K1III:,Lyn
57984,,11.927814,-28.477103,5.93,K4III,Hya
91064,,18.631785,-21.397725,5.93,A5IV,Sgr
105471,,21.429729,36.667386,5.93,B0Ib,Cyg
62963,,12.942142,-72.185212,5.93,G8III,Mus
45330,,9.264639,72.946326,5.93,F0III,UMa
111688,,22.69334,41.549123,5.93,G9III,Lac
23964,,5.162524,28.030461,5.93,A5m,Tau
53239,,10.921456,-60.517003,5.93,K0III,Car
2605,,0.552879,54.894985,5.93,K0III,Cas
31369,,6.588221,9.988335,5.93,K4III,Mon
68450,,14.057371,-56.213434,5.93,K2III,Cen
36940,,7.613067,55.75506,5.93,K2III,Lyn
37034,,7.631628,48.773842,5.93,A5m,Lyn
86805,,17.79355,-14.725824,5.93,B9V,Ser
76850,,15.739633,-41.819089,5.93,A0V + B,Lup
94016,,19.196114,31.283456,5.93,B9p Si,Lyr
87542,,17.938621,-15.812521,5.93,A0V,Ser
69772,,14.323302,-37.002907,5.93,A1V,Cen
76190,,15.608121,16.119085,5.93,F3V,Ser
13445,,2.893144,-22.376308,5.93,G8/K0III,Eri
25726,,5.507268,15.360449,5.93,A3Vn,Ori
55707,,11.452644,-12.356749,5.93,F4III-IV,Crt
37321,,7.682922,23.018527,5.93,K5,Gem
14967,,3.223297,48.176953,5.93,G9III,Per
26697,,5.684888,0.337753,5.93,F0IV,Ori
117393,,23.882101,-3.155482,5.93,G9III,Psc
29123,,6.15901,22.190262,5.93,K4III,Gem
27183,,5.775106,56.115575,5.93,A4Vn,Cam
78304,,16.034877,52.915917,5.93,K5III,Dra
37841,,7.777793,65.455676,5.93,K2III:,Cam
82648,,16.941328,-52.283746,5.94,A0III,Ara
77036,,15.776337,55.474791,5.94,K3III,Dra
56149,,11.546538,-7.827523,5.94,K4III,Crt
25228,,5.4107,31.143148,5.94,B9III,Aur
103766,,21.090756,5.958199,5.94,F8V,Equ
56558,,11.630127,-67.620379,5.94,K0III,Mus
36055,,7.448981,20.257557,5.94,F2Vn,Gem
34268,,7.122889,34.009288,5.94,K4III,Gem
13333,,2.866319,68.888497,5.94,F5:Ib-II,Cas
7628,,1.640968,-36.528251,5.94,K0III,Scl
87119,,17.85904,-40.772461,5.94,M2III,Sco
38059,,7.820736,-35.243286,5.94,B9V,Pup
59973,,12.336326,-22.1757,5.94,K0III+...,Crv
8576,,1.848459,-50.206138,5.94,A1V,Phe
41000,,8.3894,18.3322,5.94,A9V,Cnc
34724,,7.207173,-36.544381,5.94,B4V,Pup
83847,,17.194077,-48.873399,5.94,M1/M2III,Ara
19328,,4.150436,13.398281,5.94,B9.5V,Tau
107031,,21.748134,62.460567,5.94,O9II,Cep
20567,,4.418153,-61.238193,5.94,K4/K5III,Ret
45529,,9.307199,35.36408,5.94,A8V,Lyn
8408,,1.810808,37.95287,5.94,K0III,And
21194,,4.558511,72.528605,5.94,A8m,Cam
108503,,22.051044,-76.118427,5.94,F3III,Oct
55981,,11.508651,43.173242,5.94,F4V,UMa
111572,,22.671779,53.845927,5.94,B8V,Lac
86001,,17.626724,-15.571038,5.94,F0IV,Ser
32851,,6.861785,-36.23027,5.94,A3V,Pup
88419,,18.106585,-36.019788,5.94,G3V,Sgr
15630,,3.364577,49.070905,5.94,F6V,Per
10211,,2.193287,-1.825429,5.94,G9III:,Cet
41460,,8.477039,14.210822,5.94,A5V,Cnc
100797,,20.498307,-18.583178,5.94,A1V,Cap
113326,,23.025475,-4.711461,5.94,K0,Aqr
2781,,0.592454,-0.50561,5.94,F5IV,Cet
31596,,6.6282,61.481233,5.94,G8IV-V,Lyn
1094,,0.228401,-26.022345,5.94,K5III,Scl
2371,,0.505534,59.977554,5.94,B9IIIn,Cas
3513,,0.749187,-42.676558,5.94,A7V,Phe
85123,,17.446153,34.695802,5.94,A0V,Her
70161,,14.400243,8.243969,5.94,A3V,Boo
5649,,1.212616,-37.856479,5.95,A9IV: (+F/G),Scl
116898,,23.776869,66.782244,5.95,B2IV,Cep
7433,,1.598542,17.433841,5.95,F0IV,Psc
117133,,23.827608,28.842389,5.95,A2m,Peg
116348,,23.652823,75.292882,5.95,A3V,Cep
117724,,23.955508,-62.956584,5.95,A2p,Tuc
4893,,1.048407,41.345157,5.95,A5m,And
12788,,2.747133,67.82463,5.95,A5III,Cas
17804,,3.818922,43.963095,5.95,A9IV,Per
110698,,22.496114,-27.107284,5.95,F0V,PsA
116002,,23.580378,-15.246005,5.95,K4III,Aqr
16623,,3.574062,24.464393,5.95,A3V,Tau
83968,,17.216266,-32.438332,5.95,B1Ib,Sco
19946,,4.288673,-6.472177,5.95,G8III:,Eri
41205,,8.431002,-64.600618,5.95,G8/K0III,Vol
40578,,8.306651,-12.632173,5.95,K0V,Pup
100175,,20.379249,41.026012,5.95,M0III,Cyg
37371,,7.693099,3.624779,5.95,A0V,CMi
36393,,7.508587,-54.399365,5.95,M1III,Car
36243,,7.480876,-31.848401,5.95,B3V+...,Pup
90326,,18.488891,-80.232708,5.95,K2III,Oct
35034,,7.262011,-10.583605,5.95,K0,Mon
34960,,7.249209,-41.426394,5.95,B4III/IV,Pup
67794,,13.927493,-82.66619,5.95,K2/K3III:p,Cha
33642,,7.006599,-8.406821,5.95,B9III,Mon
103213,,20.978289,-14.483128,5.95,A9V,Aqr
31518,,6.612944,-13.321036,5.95,K4/K5III,CMa
87603,,17.951199,0.066665,5.95,A3V,Oph
28014,,5.937296,-22.839975,5.95,K0/K1III,Lep
76480,,15.665726,-59.908338,5.95,F6V,Nor
27644,,5.868814,-9.0419,5.95,A2Vn,Ori
64021,,13.162578,-10.329327,5.95,K5III,Vir
42028,,8.591307,-26.843487,5.95,A1V+...,Pyx
98150,,20.004425,-37.701719,5.95,G8/K0III,Sgr
43774,,8.942813,-16.708748,5.95,K3III,Hya
52881,,10.851502,-3.092667,5.95,K2,Sex
53179,,10.908222,-61.826622,5.95,K4III,Car
53893,,11.060164,-0.000833,5.95,K3III,Leo
56304,,11.57847,16.796915,5.95,B4V,Leo
93567,,19.115445,-48.299144,5.95,A0V,Tel
56800,,11.678468,-53.968607,5.95,M1III,Cen
50177,,10.275639,23.503095,5.95,G2IV,Leo
58285,,11.988205,33.167004,5.95,K1III,UMa
76641,,15.698527,-76.081959,5.95,B9V,Aps
48390,,9.897251,-51.146713,5.95,B2V,Vel
48055,,9.824471,-37.186765,5.95,K2III,Ant
58873,,12.106404,-65.709453,5.95,G8/K0III,Mus
59104,,12.161475,1.897889,5.95,K3III,Vir
46726,,9.548826,-13.516804,5.95,K4III,Hya
60409,,12.419935,-11.61059,5.95,A1V,Vir
62014,,12.749852,39.278916,5.95,G0V,CVn
44769,,9.147526,33.882217,5.95,F9V,Lyn
44764,,9.146483,26.629112,5.95,G5IV,Cnc
58746,,12.082564,-60.968252,5.95,M2III,Cru
27187,,5.776364,1.168193,5.95,G4V,Ori
52426,,10.751118,67.411384,5.95,C5II,UMa
82398,,16.895119,-43.050968,5.95,M3II/III,Sco
82980,,17.010275,-35.934133,5.95,K2IIICN...,Sco
79555,,16.284849,-67.941285,5.95,A4V,TrA
20990,,4.511203,-35.653504,5.95,K0II,Eri
84167,,17.259994,-38.593896,5.95,G0V,Sco
20840,,4.47751,-19.458874,5.95,K2III,Eri
23207,,5.005095,39.394701,5.95,F5V,Aur
77703,,15.916768,-19.382926,5.95,B2/B3V,Lib
20191,,4.337341,41.80807,5.95,K0III,Per
42246,,8.638607,32.802021,5.96,K2III:,Cnc
108160,,21.981532,62.697986,5.96,M3III,Cep
41212,,8.432108,-14.929661,5.96,A3m...,Pup
40817,,8.353361,-57.97322,5.96,B1.5III,Car
99932,,20.333386,13.548091,5.96,A5m,Del
39547,,8.10511,22.63549,5.96,M3III,Cnc
24726,,5.314017,-18.13005,5.96,G0V,Lep
66712,,13.715287,-41.401043,5.96,K0III,Cen
43430,,8.869936,45.312819,5.96,K0III,Lyn
106959,,21.733602,-14.74937,5.96,A7IV/V,Cap
66218,,13.618339,-44.143203,5.96,G8/K0III,Cen
100758,,20.490931,81.091277,5.96,K0III+...,Dra
81716,,16.744374,-53.152313,5.96,G8III,Ara
39416,,8.078445,-50.590396,5.96,G5II,Vel
22308,,4.813968,75.941219,5.96,A9IV,Cam
119003,,15.063245,47.653692,5.96,dG2,Boo
51977,,10.649906,-58.816854,5.96,M1III,Car
114781,,23.323363,-18.075376,5.96,K2/K3III,Aqr
9609,,2.063381,-0.340251,5.96,G5V...,Cet
8581,,1.849198,51.933417,5.96,F5V,Per
10272,,2.210427,24.167778,5.96,K0,Ari
56283,,11.574878,-32.83134,5.96,K0V,Hya
43464,Copernicus,8.876625,28.330819,5.96,G8V,Cnc
109833,,22.316872,-13.304995,5.96,K0III,Aqr
47267,,9.65775,67.27223,5.96,K5,UMa
47091,,9.624557,-36.095994,5.96,K2III,Ant
119020,,15.38663,30.2862,5.96,G2 V,CrB
60967,,12.53226,-63.505838,5.96,A8III,Cru
45460,,9.291993,46.817228,5.96,A1V,UMa
66772,,13.727802,-42.067521,5.96,B8III,Cen
93244,,19.051057,-19.245686,5.96,K0II/III,Sgr
34991,,7.255901,-52.499226,5.96,K0V,Car
68238,,14.014596,-66.26891,5.96,F0V,Cir
106300,,21.600689,45.374591,5.96,M4IIIe-M6e,Cyg
74468,,15.264907,-48.073661,5.96,A3m,Lup
89162,,18.253603,-20.387974,5.96,B0.5Ib/II,Sgr
15929,,3.426737,-69.336436,5.96,F3V,Hyi
89170,,18.254739,68.75581,5.96,K1III:,Dra
33516,,6.982507,3.602355,5.96,G8III,Mon
1702,,0.357986,-77.426873,5.96,K3III,Hyi
26470,,5.643881,-6.573959,5.96,B1.5IV,Ori
33841,,7.040426,17.755521,5.96,M1.5,Gem
33913,,7.054977,9.138355,5.96,A3Vs,Mon
103039,,20.942994,44.924722,5.96,O6...,Cyg
68954,,14.159734,-51.504672,5.96,B9IV,Cen
70670,,14.497366,0.828929,5.96,A5IV,Vir
107007,,21.742035,14.771939,5.96,G0V,Peg
27678,,5.873168,19.867849,5.96,B9V + G,Ori
34259,,7.120359,-51.968283,5.96,K0III,Car
27491,,5.836962,4.423406,5.96,K2III,Ori
86309,,17.692312,6.313156,5.97,G7III,Oph
111165,,22.593437,-23.991094,5.97,K1III,Aqr
15296,,3.296042,39.283373,5.97,A2IV,Per
22644,,4.879754,27.897485,5.97,F2IV,Tau
29698,,6.268803,-16.618006,5.97,B2/B3V,CMa
9513,,2.043077,13.476716,5.97,M2III,Ari
84398,,17.306465,38.811395,5.97,G7III:,Her
27367,,5.809706,-4.094648,5.97,G4V,Ori
105386,,21.413729,80.524826,5.97,G6III:,Cep
21794,,4.697283,38.280182,5.97,G0V,Per
18127,,3.886123,17.327083,5.97,F4V,Tau
109256,,22.202248,24.950641,5.97,K0,Peg
20562,,4.415868,19.042013,5.97,F4V,Tau
105998,,21.537381,-33.944623,5.97,A2V,PsA
96453,,19.668657,-23.429086,5.97,K0III,Sgr
27519,,5.841674,2.0247,5.97,G8III+...,Ori
48663,,9.953776,57.418196,5.97,G8III,UMa
73709,,15.109222,-30.918483,5.97,Ap Si,Lup
26860,,5.714976,-6.796168,5.97,F3V,Ori
28040,,5.941121,9.509396,5.97,A0IV,Ori
76079,,15.587835,53.922144,5.97,K4III:,Dra
50338,,10.307847,-41.66849,5.97,B9V,Vel
7891,,1.694233,30.04712,5.97,K0III,Tri
104886,,21.314452,11.203373,5.97,K5III,Equ
86604,,17.748848,-57.54554,5.97,G8III,Pav
79696,,16.316783,-14.872825,5.97,K3IIICNpvar,Sco
101657,,20.667549,43.458878,5.97,K2III,Cyg
5498,,1.175987,2.44567,5.97,K4III,Cet
113441,,23.045626,-20.870712,5.97,K0III,Aqr
14728,,3.177443,11.872627,5.97,B8V,Ari
63330,,13.019337,17.123147,5.97,K0III,Com
65340,,13.436504,-1.192471,5.97,A7III,Vir
67027,,13.778701,25.702236,5.97,F6IV-V,Boo
104414,,21.221933,-36.423527,5.97,K0III,Mic
4562,,0.975285,66.351793,5.97,A0III,Cas
41133,,8.415891,-42.769834,5.97,B3V,Pup
23776,,5.1236,-12.491269,5.97,G2V,Lep
67272,,13.829296,61.489313,5.97,G3V,UMa
16986,,3.65031,-5.62621,5.97,K1V,Eri
5766,,1.235453,16.133479,5.97,B8III,Psc
98855,,20.13384,-0.678185,5.97,K1IV,Aql
52189,,10.697657,-79.783288,5.97,B5IV,Cha
108629,,22.076879,-26.822359,5.97,B3V (+B),PsA
88770,,18.175443,54.286552,5.97,K1III,Dra
113828,,23.124642,21.134251,5.97,A5V,Peg
6478,,1.390264,20.468967,5.97,K5,Psc
26321,,5.617884,11.035005,5.97,K4II SB,Ori
13645,,2.937158,8.381563,5.97,F7IV,Cet
85284,,17.482247,-36.77828,5.98,K0III,Sco
83597,,17.13746,-17.609052,5.98,K0III,Oph
84144,,17.255635,-14.58414,5.98,K1III,Oph
77176,,15.803696,13.789078,5.98,K2III,Ser
85183,,17.460431,-29.724567,5.98,B9.5IV,Oph
52673,,10.801503,-59.919163,5.98,A0Ia,Car
6697,,1.438517,43.457739,5.98,F7V,And
119620,,6.39380555,-52.18111111,5.98,G8III,Car
56993,,11.724219,-37.190155,5.98,K3III,Cen
3689,,0.789898,6.740956,5.98,G8III,Psc
82961,,17.00749,-48.647759,5.98,G5IV,Ara
116362,,23.655878,74.002628,5.98,G8III,Cep
7725,,1.661338,16.405858,5.98,K2III,Psc
83436,,17.105608,-37.22759,5.98,A2IV,Sco
517,,0.104356,58.436733,5.98,G5V,Cas
88879,,18.195866,33.447057,5.98,A3V,Her
92994,,19.000987,-66.653618,5.98,K0III,Pav
74333,,15.235011,31.787845,5.98,K5,Boo
63830,,13.123418,-59.86051,5.98,B9IV+...,Cen
73996,,15.168702,-38.792511,5.98,G6III,Lup
88276,,18.080662,-35.901442,5.98,K2III,Sgr
66695,,13.712063,34.989021,5.98,G5III,CVn
68280,,14.022341,8.894906,5.98,A2V,Boo
49703,,10.177142,-41.715247,5.98,K3III,Vel
51474,,10.546615,-58.666745,5.98,A2Iab,Car
41556,,8.496011,-46.331693,5.98,B7IV,Vel
12529,,2.692814,-14.549276,5.98,F5V,Cet
38904,,7.983835,-45.215844,5.98,B4V,Pup
36134,,7.461927,-22.859199,5.98,B5III,Pup
35955,,7.430889,-5.774961,5.98,CIb...,Mon
103320,,21.001106,7.516197,5.98,A7V,Equ
15203,,3.276442,32.184018,5.98,G8IV,Per
28491,,6.028627,48.959445,5.98,K0,Aur
16298,,3.51026,-47.375125,5.98,A2V,Hor
106786,,21.700301,35.5102,5.98,C6.3,Cyg
16558,,3.560855,54.974857,5.98,A3V,Cam
111614,,22.680247,-57.422322,5.98,K4III,Tuc
26541,,5.655087,29.215213,5.98,B2IV-V,Aur
24771,,5.323246,-27.368884,5.98,A0V,Col
22787,,4.914086,0.467167,5.98,B5V,Ori
109120,,22.176041,-4.266855,5.98,K0III-IV,Aqr
21933,,4.726318,-8.794317,5.98,F4IIIp (Sr),Eri
43427,,8.869453,42.002735,5.98,K0III,Lyn
45281,,9.253963,34.633516,5.98,G6III,Lyn
119626,,14.26783333,18.91194444,5.98,A8III,Boo
96179,,19.61457,11.273206,5.98,G0Ib,Aql
95700,,19.519709,-68.43392,5.98,K4/K5III,Pav
114703,,23.306479,41.773676,5.98,A7m,And
96533,,19.684869,13.815682,5.98,B5V,Aql
81604,,16.71838,77.513973,5.99,F4V,UMi
70140,,14.396834,-53.176233,5.99,K1III,Lup
89774,,18.376477,12.02968,5.99,A2V,Oph
102887,,20.912304,75.92557,5.99,G5III,Cep
34820,,7.22334,-22.674241,5.99,K4III,CMa
102614,,20.857152,-5.626633,5.99,F5IV-V,Aqr
70762,,14.519678,-38.869708,5.99,K1III,Cen
82360,,16.888213,47.416725,5.99,K2III,Her
4542,,0.970615,33.950885,5.99,K0,And
35614,,7.367633,0.177121,5.99,B8III,CMi
111763,,22.710245,-47.210813,5.99,G0,Gru
101831,,20.700731,-76.180592,5.99,F4III-IV,Oct
81742,,16.750053,-28.509657,5.99,A3IV,Sco
10703,,2.301275,57.516321,5.99,G7III,Per
112502,,22.855817,-29.536309,5.99,G8/K0III,PsA
89309,,18.281417,-3.007401,5.99,G3III,Ser
31793,,6.663255,12.982768,5.99,A2V,Gem
25752,,5.513514,41.461994,5.99,K0IIIp,Aur
85491,,17.523134,-56.920964,5.99,B7II/III,Ara
3345,,0.711609,-60.262807,5.99,K5III,Tuc
105233,,21.382293,-9.31933,5.99,M0III,Aqr
26559,,5.658653,-3.564704,5.99,A8Vs,Ori
29638,,6.258243,-4.914719,5.99,A5IVs,Mon
29619,,6.254923,-18.477163,5.99,K1III,CMa
75027,,15.377014,62.047076,5.99,A0sp...,Dra
87740,,17.977514,-28.759089,5.99,B3II/III,Sgr
2153,,0.454085,-25.54717,5.99,K0III,Scl
27870,,5.912232,0.968615,5.99,K0III,Ori
55116,,11.321297,-64.582491,5.99,F6IV,Car
4988,,1.06733,52.502161,5.99,K2,Cas
25124,,5.388475,-8.415595,5.99,B8+...,Ori
82554,,16.923523,-63.269659,5.99,A0III,Ara
101580,,20.65138,15.838199,5.99,B3V,Del
47424,,9.696648,-55.213762,5.99,B4V,Vel
96588,,19.696945,50.52506,5.99,G2V,Cyg
62589,,12.865815,-39.680431,5.99,B7/B8V,Cen
53118,,10.895031,-70.720337,5.99,B6V,Car
18294,,3.921147,-12.099105,5.99,Ap SrEu(Cr),Eri
92103,,18.828043,-5.912863,5.99,K2Ib,Sct
24516,,5.271708,34.312317,5.99,O9.5Vvar,Aur
63291,,13.009985,-3.368488,5.99,K2III,Vir
22123,,4.771341,18.734693,5.99,K4III,Tau
98425,,20.054555,18.500993,5.99,K3Iab:,Sge
84173,,17.26152,23.742761,5.99,K2III,Her
61865,,12.719221,-56.176224,5.99,B9Vn,Cru
115441,,23.461218,25.167281,5.99,A0MNp...,Peg
12575,,2.701834,-38.383686,5.99,G8III,For
670,,0.138204,-8.824112,5.99,G8III:,Cet
22167,,4.779021,40.31259,5.99,G9III,Per
45969,,9.401526,-61.648902,5.99,K0III,Car
53570,,10.992438,36.0931,5.99,M2III,UMa
116402,,23.665289,9.677294,5.99,A2m,Peg
39124,,8.02508,16.455309,5.99,B9.5Vn,Cnc
11069,,2.38123,-73.645792,5.99,K0III,Hyi
37239,,7.666109,-37.579422,5.99,B4III,Pup
116287,,23.639926,-76.869552,5.99,K0II/III,Oct
92543,,18.914588,33.968576,5.99,G8III+...,Lyr
86294,,17.689386,51.818182,6.0,K0III:,Dra
119198,,18.09099,2.498264,6.0,K5 Ve,Oph
20441,,4.392324,20.982044,6.0,B8IV-V,Tau
78426,,16.059545,-32.000538,6.0,F5IV/V,Lup
20025,,4.304466,-20.71526,6.0,M4III,Eri
83344,,17.088005,0.702559,6.0,F9V,Oph
51049,,10.457042,-65.704664,6.0,A2V,Car
107144,,21.771186,-9.275935,6.0,M3III,Cap
84373,,17.301372,17.317886,6.0,A1V,Her
10192,,2.189507,-10.052162,6.0,F5V,Cet
51055,,10.457792,41.601035,6.0,A2V,UMa
108267,,22.002202,6.717437,6.0,B3III,Peg
23709,,5.108245,61.169756,6.0,K5II,Cam
117996,,0.545644,-63.03121,6.0,A,Tuc
77442,,15.858736,-47.0608,6.0,K1IV,Nor
11660,,2.512556,0.255749,6.0,A7III-IVs,Cet
76574,,15.683083,16.024588,6.0,G8III,Ser
66365,,13.646933,-57.622717,6.0,G5Ib,Cen
40070,,8.208554,-46.264285,6.0,B5V,Vel
40774,,8.344533,72.407232,6.0,M0III,UMa
91242,,18.66467,52.196075,6.0,A0p...,Dra
64924,,13.346761,-55.800688,6.0,B0.5Ia,Cen
63745,,13.105901,21.153397,6.0,F4V,Com
66713,,13.715587,-56.767971,6.0,B0.5III,Cen
43269,,8.839172,-42.089791,6.0,O9V,Vel
62783,,12.905184,-11.64857,6.0,A2V,Vir
61495,,12.645726,-18.2501,6.0,F0V,Crv
11814,,2.548372,15.034554,6.0,F8V,Ari
60790,,12.499413,-41.735901,6.0,M2II/III,Cen
59202,,12.183354,81.709832,6.0,K5III:,Cam
97189,,19.817279,-10.870763,6.0,K5III,Aql
63138,,12.979809,75.472508,6.0,K0III,Dra
27198,,5.779305,15.822497,6.0,B8IIIMNp...,Tau
110527,,22.462847,31.840045,6.0,K2,Peg
67332,,13.840189,5.497224,6.0,K0,Vir
50404,,10.324117,48.396762,6.0,K0,UMa
87345,,17.898548,-34.752721,6.0,B9IV/V,Sco
93560,,19.114477,-16.229276,6.0,B7V,Sgr
3130,,0.664428,-44.796293,6.0,K1IIICN...,Phe
29735,,6.276553,-39.264394,6.0,A2Vm...,Col
30245,,6.376776,12.570237,6.0,F0III,Ori
35513,,7.348588,-26.963838,6.0,B3V,CMa
72622,,14.889939,19.152798,6.0,K2V,Boo
104742,,21.287289,55.798001,6.0,K3III,Cep
97093,,19.796816,25.384058,6.0,K0II-III,Vul
70869,,14.538953,26.677284,6.0,A7Vn,Boo
34094,,7.088436,22.637458,6.0,B8Vn,Gem
9544,,2.047913,64.901466,6.0,A1Vn,Cas
67883,,13.942489,-54.704665,6.0,G8V,Cen
95896,,19.561557,49.262319,6.0,M4.5III,Cyg
34471,,7.159268,-16.234509,6.0,B1Ib/II,CMa
